mass ratio,period(days),semi-major axis(AU),cos_i,eccentricity,arg periastron,phase,Projected Separation(AU),Model Contrast
0.7504974027249302,146207262.4754802,5523.572980047198,0.6359448228862049,0.04349467759007869,1.0319953834240156,4.427901104254724,3589.174446880387,0.9409049912807825
0.6315310804812708,67078921.17193286,3209.5400976015717,0.39600665385582046,0.752600981386249,3.0531658185613617,0.6110354033586783,1768.320845617736,1.3816432429335919
0.8177585328265999,252.60572313188243,0.8053682363169918,0.20699853355241382,0.5552,0.5540880900108638,0.2859168381037996,0.4537735405197411,0.6865608643175953
0.1929123860515357,20885005147.89014,132824.91588526065,0.3111027263620916,0.3073451448692375,2.7513401779555333,2.645919741973261,56050.25588632259,3.8647294190319803
0.3425585915767464,1230.1616641790802,2.0915721533899356,0.5323050875525651,0.3874768012542676,2.5833320938300086,1.829743111209918,2.4586262598996793,2.602198965753457
0.14809157140653395,11275.381257861727,8.694941061981487,0.8970482626989758,0.46000587713406926,0.1048005256572287,2.487360128996488,11.384476517287762,4.735163938776542
0.5916930981667415,47671363.71218826,2535.0029595600445,0.9245638017216039,0.01833498968783422,2.262548176690206,0.26725825055245706,2403.1055882939095,1.5339122197630708
0.6516765149294783,18.739634633193575,0.13772180938682163,0.9879688502430511,0.2615,2.7257845124387483,4.571277744436362,0.1719852043445601,1.3062349457655138
0.18422762246739832,13656.847463876496,9.982339678569975,0.505932831556715,0.025519893454861473,2.247330536388219,1.529846588741238,5.640647937796611,3.984656261615826
0.6816929962645998,1911687766.8662727,30249.19732932625,0.8011354970210769,0.1527675995845914,0.9855323919559391,6.259422073961221,24381.707471905163,1.1940320859695692
0.15002800828263507,20033.48023167914,12.762253969681277,0.6962601759707361,0.8181070683899045,2.4203026057456554,0.1162929819089101,17.32459782860622,4.69
0.03890776371427196,14887086.789702699,1012.1676513450267,0.5474959330811796,0.20436357824107637,1.7667152647835453,0.4091338356073461,567.669783391011,inf
0.5060508542534584,34764273.8079923,2016.302224662464,0.6529805751434405,0.7505714648357438,2.4738188469734514,3.260994905817762,2731.6292588177203,1.863773991555247
0.4617223521949987,61001728.349485084,2904.268058849289,0.7016220319701957,0.591661409171717,0.9503927101929921,1.49209556202336,3301.7728946695825,2.0429755015518873
0.8843101020478816,138.61218825145744,0.5463094518794265,0.09781359290808633,0.0864,0.9252268255297477,2.369118391969583,0.4831983032841145,0.4329345413862846
0.29000911461291634,475.9049387668057,1.0958002031512883,0.733872911909734,0.591,2.220453565372481,3.7535824702167737,0.37119430804300413,2.941124639990764
0.4574189742677911,1322.8806974124636,2.25629337726963,0.7715262663126067,0.4916489072015167,2.638964301488061,2.488001249646647,2.476441959682911,2.0634265593342684
0.35558547235063453,114.06460705071612,0.42986282014384614,0.24574258022443463,0.1576,1.502115402834909,5.510488080907609,0.3279545545594997,2.5374108906801114
0.8285324594627183,2740.4124502301584,3.954562907527122,0.827999414431031,0.39258015282908354,0.16917886941612487,4.133492558085761,2.616469405835276,0.6488944904753264
0.18921401995436127,8063812182.03539,70355.91009349948,0.142191494728791,0.788099005666239,1.0334887935410653,3.5711358431218714,101589.0918150218,3.9113830884112817
0.8590080229694057,31.393297408799704,0.2020716340750661,0.3052033098929321,0.1749,2.7789755120459607,4.533391316184349,0.17222537571530766,0.5349556062845959
0.7098852751855497,39853042.70966028,2304.0060917554824,0.3072103872135915,0.18746061829978292,2.6760433113763034,5.037351892858015,2406.5525753031948,1.088857878755391
0.967098800632175,138.78894720855448,0.5546669485667268,0.7996324618563058,0.4436,0.5150318138064542,3.794602063653834,0.5887795139633556,0.12272729852115294
0.04785689727813114,84.794242996493,0.32374162789599986,0.88664788403981,0.4542,2.112158740346941,2.636531282552605,0.3224894438264485,inf
0.8747068678166122,3271637.678012331,448.75389734165867,0.5375446251107754,0.7506202345905876,1.5057312483474963,3.1693666710687185,592.556489496907,0.4712325566910227
0.0891288159713014,788571740.036201,14502.43290445638,0.7589266893390124,0.45497489378204387,1.9714191114872341,2.7770677606533103,19567.763327064433,inf
0.09215634955862273,8221.109606130982,6.927377793217733,0.15995372487473702,0.24340169162272884,1.4873304087238697,5.034392144964094,3.2273933022184056,inf
0.10234070843040655,10166.081135178421,8.005613861322058,0.6413973310137598,0.7363058240686954,2.433509839807209,4.254982668085444,3.7469747671928975,6.36006808381994
0.40909969124657886,33.52446924687689,0.19249028831836684,0.6424893457776256,0.2248,1.2832295567317564,0.6362348208461974,0.12837121933540413,2.272036035337205
0.1394938688145041,166.99524860348114,0.5230706875101796,0.41148128195807987,0.151,1.3810028374753207,3.5879668606231605,0.3195661406388646,4.977412572297758
0.288701233999338,928586973.8363379,17104.857037095986,0.29342484420669246,0.5126729443727547,1.4715823676315953,3.346448330841136,25466.518385223542,2.953179792430661
0.7641435903620242,188938562.7831337,6570.201531966898,0.7149187560478814,0.023383633538293667,1.71347341743568,1.6952995790604313,4710.785347536924,0.8915513376712765
0.7768877730694571,1856.7893593447543,3.021681840365308,0.7315075713883697,0.6473705373856163,0.12220348448341439,2.7225211162434566,1.2025791931563534,0.8421088635163079
0.17967388392845995,1055192769.4274467,18085.42984082876,0.7541705867139818,0.8239247761764411,0.23366816940498675,5.6733926588040005,13022.741019833195,4.062197493779082
0.04942248407456795,156259.62140587956,48.68572136723204,0.36406702760502263,0.0678786599887907,2.8659146183368045,2.0159358183911187,39.139009525213126,inf
0.21454216708577334,49288821.810864724,2368.591317557228,0.3129355661309222,0.8022962100665897,2.119230167774277,5.397498153041229,3049.093864078687,3.5982448181534687
0.5158111396627163,284042158.6122673,8197.042942188576,0.6918542902891176,0.5830830978103654,3.014176310492964,3.3585395712839783,9115.852658785288,1.8310631232260839
0.12382654459285436,212.55124866147133,0.6114991319274655,0.8419938492758061,0.3851,1.5481322136186433,0.5564404462816418,0.7110573609135148,5.5922466646448195
0.44141603337028035,0.4761540767379701,0.011374922071358288,0.04903220909277006,0.051500000000000004,0.3953952373534196,3.4163560242366153,0.009190448810840746,2.1258387668027376
0.11833154050477857,398518434.1322677,9282.73837548833,0.49181809670995125,0.27017514790331604,1.6506771250624437,5.122754608738861,4855.069355304931,5.8111035462422285
0.06129001463706474,1319480.302907879,202.64393471649154,0.7855028409147284,0.2707238225376511,1.8571186190353388,5.919469140969125,150.33002354902436,inf
0.1375981209917141,262228890.42317104,7062.692358637189,0.3825724970902725,0.8708228687420627,1.9648920263570548,5.708046177704516,6577.706353711542,5.0290400294835935
0.5708175189754322,1894359.8953353064,293.90290706968153,0.3810038015459012,0.7937662464598997,1.998730104002987,3.7480635140658,378.9949799988617,1.6171899202024598
0.87337443166908,60.41270664254742,0.3134349112721193,0.15585833131151172,0.1921,2.4938517402198626,0.09732663542634032,0.06650241754634974,0.4776124477096628
0.35214791190103933,292.79765785293205,0.8052055790861582,0.8107734223758173,0.2967,1.5411937059500378,0.5400210295855433,0.8546215764380398,2.5556417122940713
0.8564454721489064,3.6599169910433913,0.04820164560598331,0.5781521505785502,0.0937,0.5498938250075974,1.5965294482601742,0.047736074047223485,0.541315900456401
0.708238496241751,628.4019887922008,1.4483099398965025,0.5459073072905275,0.6596000000000001,1.9011276967091966,3.304468679351545,0.4226539431890118,1.0950304739310646
0.6750788456469529,16.434357408553467,0.12677507580514918,0.7058585361966273,0.3114,2.640178620027109,0.2966222900941812,0.13621366865092702,1.2188763374378837
0.9158672458481557,1415.4111732786669,2.585615007148465,0.5185946222851741,0.36522911394239566,2.9398888681971047,2.050718350428938,2.2717305821525633,0.3117538612022459
0.2789340262789406,3261.1393454488457,3.94199371293619,0.6064399976985823,0.06601382506674998,0.35106793056881336,1.2446119045936292,3.016063609779414,3.0278256749011137
0.5300009923784227,78631732.66566138,3492.604777047486,0.5028388201565069,0.9732347223190488,2.2386109001392787,4.036715117310902,5757.697652772312,1.7723851100526131
0.34064363811563947,2548770.8312298516,339.76498391460655,0.9822084330867248,0.34644562674348267,0.9169487255234554,2.60475736386406,452.5328293462688,2.6212262758216314
0.25013310344693573,54.760049717681106,0.2565359791419277,0.5026400646206554,0.3923,2.2877802743775217,0.5651104019574803,0.30248408729428944,3.259999999999999
0.062238794866989244,6544215864.404652,58952.12163249877,0.05093123815282219,0.770271955035712,0.07636088993125095,0.6631453381866694,39911.557327887494,inf
0.3944578322431762,11012173.205972167,913.2102838864658,0.5266401934593031,0.2659782020930288,0.424963152745075,1.8872637597157376,447.9961417841686,2.3342238048260544
0.7869182082910863,29744836.91832735,1923.8133258269431,0.9657467309100531,0.6800836572739356,0.015152468589235467,4.648178964944214,2905.7712256508676,0.8049431620391907
0.19068256474571366,302.406028951438,0.7885803252865289,0.3373389731984978,0.6972,0.24523421315726274,5.887744067700247,0.45229722717149434,3.9113830884112817
0.9255071380421109,3009528.648725061,428.25358581578,0.4489865757580388,0.25931646624470994,2.529791468188508,2.2417061502642346,410.94849439724084,0.2799781921418374
0.10185315672663242,53646.7376402467,24.261841458005485,0.6609260358978633,0.08102917172509423,0.7959697151574279,3.6081933878632313,20.00197720668505,6.36006808381994
0.5310475594914937,149.53122653201186,0.5362135694854916,0.33176434276482447,0.3062,1.1015963134259439,1.6467137325025551,0.6199035258027205,1.7658813897639494
0.36880492300406076,6.193417761367153,0.06183785436791248,0.3868452225182869,0.2838,1.3827315694379045,3.3683334088478545,0.06412719342790972,2.4666106418171685
0.10766132666334116,17966.951329361385,11.721204261963948,0.2786744315128621,0.13690700445970122,1.4893617348948343,4.142156474391643,7.452428495316171,6.050625400691817
0.006772025129053727,13223157.461819524,925.5235389067736,0.82762682671367,0.5398036825803088,0.9195375212204882,4.751829504605183,1283.1607617993664,inf
0.01164498095901867,13547586.521866482,942.1158458505979,0.7005513371942509,0.8863382818147443,1.9008959718825447,0.06638995230385165,1219.3824700886103,inf
0.6744405002829533,2382120924.6959343,34977.28414514059,0.32960801639779913,0.6182863311159713,1.4105684314617106,3.895042703273521,50646.702591261266,1.2188763374378837
0.8311461850507391,594.1182460040503,1.4278302372824165,0.5095243352852441,0.055200000000000006,1.3853761987963034,0.9246259636757006,1.3423172634366727,0.6363029257717887
0.6199402037345958,46741757.41042667,2516.6529422216686,0.5942335844039671,0.5191455052827428,0.9627304128374136,3.3261758691503283,3458.553125860818,1.4258559376967552
0.4026166274650167,112.96223042779316,0.43197187953794536,0.27488125541491415,0.5619000000000001,1.6192928048877533,0.3513216092819095,0.1755772162896596,2.295074329853433
0.7363893043879037,942.8142976050717,1.9084763526379038,0.7884928347925728,0.6651,1.2436863966622813,4.736773172342589,2.8581107531597136,0.9902123093367132
0.9741282679888196,1178.8832734398757,2.3118481358723697,0.9788952561592088,0.8312846876698397,0.5045106476334708,4.071344152723695,2.5793168100150248,0.09791707142116035
0.8196658980298512,7114293.220142312,745.7707889338105,0.56651660242561,0.219362559257159,0.7010352441974436,1.5777094820048267,624.7883264631073,0.6802939346639212
0.5764748406796201,17312025.890189376,1286.2180082281582,0.44118083157101107,0.15944266083186526,2.1259037181578697,2.3679870151265936,687.6509990787214,1.5915067350074308
0.1438808870262639,3128858.298607469,369.4631882906763,0.943235998945699,0.40415958999988416,0.4111227910195036,1.0356097508967803,482.7220543337148,4.877289078073638
0.5067078903066143,1575624465.4798543,25634.910596117214,0.3735215789509859,0.5700901678085956,1.7014002974779636,5.829429344675308,6343.8569522335365,1.863773991555247
0.4724611699251734,7.694811911474184,0.07322627324443975,0.6710634306992512,0.08660000000000001,2.9929495467105154,1.5294664880403555,0.07369066047250429,2.0025077942778333
0.14252220909130864,8753.855113115715,7.332883111985029,0.34319885851561105,0.35591189810265944,2.327963785142752,4.648355931950314,4.279316632847813,4.877289078073638
0.03768629669264967,31949.64282910387,16.83396195550742,0.47304305345504805,0.3170882468426664,1.3072311999145494,5.782422454283471,11.000324900900962,inf
0.28209326477630203,8532553.852607505,749.1110570026642,0.495305494409351,0.8570400428686401,2.896654123946705,0.10110420150138306,760.446880574522,3.00249688090996
0.9295390024320324,153339584.3656327,5889.896783909772,0.7894123640973985,0.7544998488491254,2.7427269704879187,2.8339554736954375,8287.62670730354,0.2609517222602653
0.6523330696812535,45928396531.84531,250384.26320884968,0.26221901043046036,0.9134409957740585,1.4684609200140977,0.6826312235411504,244904.40593494428,1.3062349457655138
0.3722487436418497,81.31244382465114,0.3444312906192161,0.3829656747027348,0.4511,0.23542935531230866,0.05514178493114757,0.24940253768474602,2.4494178553527535
0.16729237834964317,19787937.339817822,1272.078395405671,0.9721743720577931,0.28105285875728303,0.2839503952528499,2.3591469497127786,1367.8460403120978,4.3
0.5193183864671777,11.462065560635493,0.09651137413089227,0.8615512383118735,0.0488,2.699297325697404,4.111916382213447,0.08934616232436618,1.8114749322522723
0.04587983201255108,177720.3090004716,52.987359549874576,0.4079186793047579,0.03788247791014397,2.1781888710829884,6.069782794944137,49.50501218177498,inf
0.7979430986037204,49.51995037252419,0.27078987639555907,0.3918125922162955,0.1606,0.6520403416118783,3.8634346273300304,0.2806294270338753,0.7614659153144041
0.969639085864751,893332314.1542653,19201.03133394557,0.2700053863520425,0.9928457730570714,1.5636609589564399,1.176467549784501,27820.074354995948,0.11030742976789476
0.5168539849301751,289.71926630895865,0.8307808666046935,0.5074177245361592,0.0689,1.4980496117097828,5.34974270530975,0.6448471969074382,1.824530527031337
0.4591852420644773,241.25294820040594,0.7258923255701671,0.39522471886327215,0.2474,2.6054926217843937,4.150752039779006,0.7958620791238408,2.0497750617373267
0.7641857508884607,10225.231304922028,9.400490318254109,0.8761806219841867,0.6405844912522779,0.1367979208308793,2.0718172377823474,2.9718415840940797,0.8853767570497348
0.4460417044218221,17918404.344640758,1278.7337771488972,0.7118482391442844,0.26204628497601157,2.7476123624252735,2.9695351645727843,1104.3606423604886,2.1048423404980356
0.14806018932251963,5006.043921022684,5.06024602078248,0.6672626613172702,0.9329657110997753,2.7330985738839892,3.296438686275978,7.014474076470191,4.735163938776542
0.7313503719474383,0.1311892538130963,0.005119734878133507,0.8075176291818,0.046900000000000004,2.75257702609969,2.0192333295647775,0.00477709849381061,1.0086992789760085
0.8629080880881854,16757660.610266915,1330.637358057954,0.32981729292367346,0.7003609483721296,0.48649592514003387,5.270157643874951,736.7310114495712,0.5158595295397177
0.7187892221752713,2473064.7399236215,361.75802448827636,0.07817339635910248,0.19300701798500144,2.491630792745901,3.7755827493942187,379.28599681006546,1.058012255671585
0.6246043773194744,8273086.37948463,794.111017365972,0.6887924956604833,0.3021459610014058,0.41442285890461983,3.880307682590015,889.5992204263275,1.4068874629272052
0.31059031295026973,21748082.030576732,1408.0668324566907,0.6746032189242906,0.2411158375296778,1.7137762527775344,1.3221909777872196,979.787867802783,2.80426421537575
0.5283143886850201,120.1266764036489,0.46311002686694835,0.15778227441606518,0.4728,0.7827249796976965,3.777305462800085,0.2687554800946614,1.7788920488449573
0.8171723012066967,9909885.132146962,929.7469426903482,0.7862052774248317,0.23971403115149947,1.909046151237599,0.39992708054143516,732.9946343572999,0.6928236678597539
0.3531042327918219,13729646426.131544,104729.8051367005,0.57999735765388,0.5948304582883762,2.006101980666711,2.2269392982428085,131032.48653248568,2.546498882880422
0.6814073717763955,0.4940003754884407,0.012271457404157249,0.8984018043443747,0.1228,0.7491290195301572,6.0162534979996,0.009943257292074634,1.1940320859695692
0.862249328481695,1361.9138470639004,2.4963147428915575,0.5768652319803534,0.43011043843610675,2.7903164022703786,4.173056299860832,1.9272187375985537,0.5222272714296734
0.08504098005272509,7084660.902695472,625.9626228454939,0.3747845869947275,0.9402483904002211,1.5304020991365828,6.034950110756206,1168.532744891443,inf
0.25348809518352966,159181012.73710856,5229.833821437705,0.7006470649416687,0.03929958182309396,0.8013671656627424,1.5105013957027729,4346.971114332527,3.231208899633576
0.0337753344655668,78696.63903875725,30.664307010997664,0.6020967464603538,0.28459761223071683,1.276116779890232,4.252780293635715,38.976083500547674,inf
0.7939869934893509,11823287027.926682,104140.31678227875,0.05681455578377792,0.690477528261079,0.017936640721788452,3.7058188857951806,23811.83705457955,0.7801161437007114
0.8292860370615724,26.92325176974996,0.18142586008244094,0.4856273839690729,0.47250000000000003,2.5214908632556687,5.572405331856685,0.1089175980701334,0.6426010616040658
0.5768361761283616,895.3511265389885,1.7855749742088656,0.17868782436580777,0.3801,2.4467093093874928,0.1425114030140297,1.0764572079810606,1.5915067350074308
0.07038486254985721,81.6941995710784,0.3180492994743411,0.6861138941043925,0.5065000000000001,2.505559538210092,4.565085768771856,0.3424682604617821,inf
0.04557418543400382,227279.36102528468,62.423089553492495,0.2501253259802162,0.24650298037881832,3.100587493537018,3.989995005954594,59.10990345422063,inf
0.6711351888897861,1226.3799188965388,2.2452990415777117,0.2717409573529058,0.40560135364384636,2.907288842813784,3.933423807497841,2.020747809445187,1.2313161914948365
0.545882258392244,0.5906511148733712,0.013442079682470394,0.28886697679638085,0.0654,2.687092985556336,2.4041813673962147,0.010653222399295859,1.7074931552056505
0.5085995573721741,19546812756.04918,137434.44816665197,0.025684762162008656,0.08228071269249199,2.876634165594349,5.656410149247128,58077.330876640255,1.8572254413000842
0.809156146872764,4819.0714151682905,5.7410046862694175,0.3611607944485389,0.43206215599955544,0.5441989099273422,3.8012475944377995,2.7098595906702476,0.7240786981453038
0.11278551235067213,15311499.919496272,1055.202847187322,0.3951339488513067,0.11283981493014839,0.8832958427823195,1.558821860472625,416.67820242702754,5.935943003681579
0.047345469712258836,32381.30562184914,17.037787569563097,0.21414083529445394,0.46426625607958455,1.971707801124959,1.2050147744951136,13.287869403378421,inf
0.4437834976152849,2373029615.7363634,33206.500225918586,0.20992218857338418,0.950722270631928,3.0339570387148207,0.3508528882383784,8749.131497561972,2.118817019441539
0.8571450810598183,2604793.9086919306,384.2829934034847,0.48688986542849666,0.5518431607337051,1.5408487863717208,3.975421341923765,488.57411499272416,0.541315900456401
0.9971941021980584,6.413351161474079,0.0717877619959816,0.6541070864189014,0.2143,1.4666910058656983,5.060359438934244,0.045475884305759384,0.012111248879192793
0.8478481413090604,16058218.772339253,1289.8542782933262,0.381861882326451,0.5999702162938418,2.4587368032752845,6.147525016292461,1382.1844728268857,0.5730726628956191
0.3365029618575358,1.233658853833588,0.020923789279032223,0.617430574471995,0.09400000000000001,2.3917274972365306,6.011096628619483,0.020424806003008982,2.640491721660686
0.46941749351225315,2120.475786886359,3.098781274535187,0.8718327392883061,0.5866593862014093,1.2368949184833207,5.768118945669281,1.313992543002244,2.0092161031081126
0.8262491991999321,961.866671061525,1.9669058546302016,0.44594702403799835,0.4501,1.5414164145519664,5.232809144498156,1.03331018664668,0.6551832953640746
0.14829873754374456,54839146135.23497,249612.1537979698,0.7647399169404061,0.7082683803958164,0.7712811465798979,3.785756433416747,351562.9082775413,4.735163938776542
0.6995897301735585,1055.2386551918196,2.042688464735459,0.24582359596328895,0.20852498648687592,0.4257641479681117,3.668297387894684,1.8222202921405644,1.1259153664214683
0.17483551990873547,187754979.22545898,5713.562390775247,0.4942678585075928,0.6894087919917137,0.8318938000531895,2.110524978746474,8158.631453421037,4.145157239141903
0.7142163647284812,243.43015853380223,0.7705339453474955,0.4230475703236245,0.1159,2.2253573467138095,0.2850834804545878,0.5469370494505791,1.0703473662601954
0.15885266461668057,1064249421.7211686,18081.120158011276,0.4596391969470933,0.33974402218479294,2.1636624323887808,3.776913912375097,22934.89098017468,4.481067246155749
0.8556226157342901,0.8195024376614529,0.017771211188827057,0.43484325179362737,0.12789999999999999,0.736568693578421,1.8845353172846173,0.013018245394367111,0.5476734132623271
0.3823001992553554,843.5827699469609,1.6423771715443454,0.113441494151722,0.2106,1.3108357842849436,3.686296321143789,1.7695318895809828,2.3989818100925966
0.997493113300286,2180.9139196487863,3.497634485595979,0.2287048005008282,0.2705232308581288,1.5757919338738249,5.250363765269668,2.0759623064330888,0.012111248879192793
0.8625577260377814,300444862.50661623,9114.511791823325,0.4848176930394712,0.2151972116065174,1.7968709073047109,0.8001776145906166,5859.20688638741,0.5158595295397177
0.8323564069121631,256726687.82589015,8162.771472288926,0.3076725042337677,0.06817254698596921,2.408003695429519,1.2617589359622519,7131.9808161495475,0.6363029257717887
0.23106884461760846,122.240922231125,0.43593877666110936,0.20292766879828095,0.037200000000000004,1.2848415859722133,2.9478135207209277,0.21675455646700556,3.426892999521102
0.10812591570829666,4302228.937015446,452.04224639070304,0.6439469233337253,0.20072638821797714,2.7708643283238144,1.381533674141038,473.7861113618198,6.050625400691817
0.5143812165042737,20198108.2500691,1406.4981897216023,0.10207833238682917,0.6017765105419614,2.350600260229072,5.172508845511309,1862.0079578296893,1.8310631232260839
0.7547619970483532,82279207.74074516,3768.0771256614503,0.17951544740850955,0.12867495499204143,2.7041532335616068,4.763134961691269,3887.886458388142,0.922405083033647
0.25334109754539424,5427930.406819764,549.9200866396492,0.735289705909084,0.4862389352584314,0.9740752377289155,4.058237460432145,566.4595692792967,3.231208899633576
0.13309555393595907,8227.675694088231,7.0166088082804805,0.3564904481397213,0.1633983237982639,2.0848575811573054,4.144868561488203,4.887764546066553,5.189999999999999
0.4074363160942891,0.6042375142210246,0.013227213092751582,0.7522746772858048,0.059800000000000006,3.07533510252935,4.796010265124394,0.009470414055903629,2.279679220849739
0.1588533898858533,31810560.587444626,1741.448715878291,0.8747850494002799,0.32346457293731057,1.0395016331472857,4.977145438745013,1776.5693224215333,4.481067246155749
0.8203536583600572,126221116.82508156,5073.72485311904,0.7267123593959091,0.17292319646985804,3.0573302440869785,4.954223948976572,5096.212090588077,0.6802939346639212
0.6608530716664558,174.9152545304714,0.6116681091883444,0.8260990589114704,0.17629999999999998,0.5492908605087248,4.703810369925882,0.5649249101240377,1.2687142481612081
0.4769381531411956,2348.3439410477904,3.322631785245432,0.6005620017612364,0.7970959902925799,1.2312392265017433,3.7504735864130936,3.8729795101338564,1.9824594418628436
0.5247265778593628,121654042.23447473,4666.61524345339,0.09267027329236943,0.2240529891302038,0.6718103180596999,3.331651023981706,3394.8782590794244,1.7919155718710185
0.1419309265142814,85276.1044989714,33.44145433579013,0.6752847161640559,0.8606332461743215,1.0046403159489181,5.613891789677469,26.032822019674605,4.926823776235101
0.09948223754268226,10615.004874644495,8.232464127605828,0.149667453578319,0.41337925514117757,0.7622528382746291,4.318105846629594,7.840040141640564,6.489999999999999
0.9950608709205114,29.091024435892578,0.19664294490420048,0.8585719225408024,0.34,0.522527812971389,1.8284420985414551,0.1556040925301614,0.018181599937470594
0.21179762585291795,6680.21076379556,6.244875504196496,0.24603888370895433,0.7380269904017538,2.6670976319492037,0.9112535182696193,2.642839616087797,3.6355868722165043
0.08691705204827382,254460331.41663638,6818.138759666346,0.061832189812928484,0.9982331301181755,2.917702169490245,0.4869442937283534,948.8226738745807,inf
0.502521215177506,15.416279249334837,0.11716023274592649,0.5451526026752641,0.6761,0.6507108492719513,0.5039004634539654,0.060395499344725,1.8768806393276378
0.08267059111905461,1276653.9052305166,199.55741727733403,0.285764793587966,0.49344448645645245,3.0816740710150423,3.388844596370515,124.36812275405073,inf
0.486358676226023,1.1061405718988508,0.02015742556124218,0.2608550723980605,0.054700000000000006,1.7081966043162689,5.32770559878313,0.01742795657488457,1.942654482168649
0.35879033485929124,31000080.58988108,1805.0102567558145,0.7575228819822771,0.41190292835270986,0.7447343611796069,0.4686831572305306,951.7957930843469,2.519397069554823
0.00832103002540241,5352894.06189218,506.7328001176305,0.5307116011427353,0.9631797966023312,1.0564944687034485,0.4331588322804462,859.8620239503356,inf
0.9008887840069401,9.86116136550995,0.09407146820187338,0.6293647711563183,0.3211,2.0693486959822014,1.3519968667282034,0.11783441856209535,0.3691011215935811
0.5923971823295959,630897370.077371,14185.454464181736,0.3889899556769245,0.26821922655645203,0.7310551928848668,1.8533407787976202,15989.207564608154,1.5339122197630708
0.2819663197030434,2195.506621082434,3.0304166843278963,0.4159300534082152,0.4095509184357968,1.4051869955298426,4.1267405514576065,4.011615231510741,3.00249688090996
0.08226763318671804,15.754942567502392,0.10655563352825313,0.2570083298111048,0.08570000000000001,2.9268795986437066,5.06592841000626,0.07675920758087726,inf
0.7610688972385731,847.1191647397418,1.7854269922400139,0.6777609867166586,0.5541,0.9353675937205541,5.451881933239759,0.7720942747715821,0.8977245304717973
0.8543674716339502,2109715.9101917516,333.73485114564136,0.2008644749169355,0.9770678750427302,2.363490396228092,3.6914765730922086,453.8184815814445,0.5476734132623271
0.8903499431121875,156.00840732587568,0.5917428887023772,0.041013938343531176,0.5408000000000001,2.496144139233243,1.6309558061086433,0.6937489317629488,0.41378025495605186
0.962697683459342,137.64641152586844,0.5512069797492453,0.7132372565359276,0.08130000000000001,3.0605986558010154,4.340740427754034,0.5426701174248306,0.1351754825082896
0.0015958964332394299,90.50103510818232,0.33305824223284064,0.2621660672930435,0.2883,1.2154741982936748,4.305594110832528,0.3847933941235363,inf
0.8442276377728669,6598636.910222226,712.4613440521792,0.038263529934571494,0.6287578928583535,1.895145159438848,6.182703884632662,1111.3445033695295,0.5857517152058849
0.7928612505871775,45.06377956492923,0.2540510214052398,0.8876762252425484,0.3904,0.5263447632151809,0.9215383434478644,0.24041482640898607,0.7801161437007114
0.9174556568060847,31874178.853463132,2062.4721317664757,0.40716783565224657,0.25536291501688896,1.578267053689472,4.906958426641241,1702.6834830290913,0.3117538612022459
0.3978043466221075,9798960.252721848,845.5171780092087,0.07048642822485396,0.5772142414298489,1.678422045568947,6.015097341069205,1090.104441974305,2.318447644673136
0.40163175197468526,4231185.797782339,483.4738797293534,0.5730042816279477,0.4233009901360895,0.4252406981461573,0.7220330062449702,432.9226219158859,2.3028274275269407
0.44828118229292646,4358540.757334422,498.538473352178,0.825409450607036,0.03858188168457039,0.5625527075442308,0.8670423558491925,427.4608041522894,2.097888234733386
0.636477194916612,5.120979899336234,0.05781746006931516,0.47735084417934825,0.1921,2.8232876072843895,6.181540690479334,0.05160132805112274,1.3627454758223605
0.1532139342574672,1616558313.6846576,23853.449189068637,0.41247058072966003,0.4821157502956615,1.5739537820304381,5.404965546007994,10668.822321559333,4.603056379165712
0.819801528474152,51.144841501480926,0.2777982735350448,0.9388924513268229,0.0743,2.961662354018042,5.770682667841362,0.2792742344248499,0.6802939346639212
0.09447211620668405,1243.3056642993997,1.9677676559368378,0.1663053028676279,0.2848255747436204,0.7891670345942615,2.1540664939922856,1.3361950035753383,inf
0.4906448917400521,12093443.755690256,993.905362870917,0.5005511082544175,0.5146287023346793,0.381688998038532,5.167205000703294,731.3995193775959,1.9294553839327184
0.9198096877975394,292.7384884328684,0.9048840214443318,0.39206917316440193,0.3961,0.7500836365036534,6.215181234821003,0.922736448553488,0.2990347570689007
0.19749056571697698,12668200.438219598,952.988427411539,0.035724426055688374,0.6300465629725057,0.39185379302595535,2.912052227719529,996.7152725938846,3.8197354680276066
0.14686277178070573,5.2810300464411455,0.052420748750225885,0.253420983001038,0.1665,0.6608529379278982,2.075573123140178,0.01625955011294189,4.781443722566341
0.5278023446943226,181.41409808373083,0.6095229407340591,0.3114225795568084,0.4199,3.0810864716411563,0.1710207044111302,0.46849713558314343,1.7788920488449573
0.4381020221706976,169114868.90623084,5700.392197979426,0.6258780057847609,0.2874949903197657,1.3477919867954562,2.3491753073583244,6760.007989208465,2.139954012759893
0.277779757858434,7353694.7842260515,677.6561396433773,0.7341117478254665,0.18579238098891326,0.5630381303210609,0.22538805070125523,569.9037940788618,3.0278256749011137
0.16720953462858568,45.41507985082726,0.22132814260305805,0.5194081893053337,0.3728,0.6291573326604692,2.7046638301469637,0.16455241941975557,4.3
0.955473999169382,3359150.9443936376,463.1880404591801,0.12818969216660536,0.2931770909516519,1.2873552204428322,1.35510668623714,583.562008647216,0.16641197830383803
0.5438577713637454,110.80172199672434,0.4403051297241577,0.7861521153927304,0.2201,2.6813350920305465,5.3528880810077215,0.48194445169093725,1.7204456773095211
0.10478377913735992,21.956311594490558,0.13386046496114976,0.2054393370714397,0.15739999999999998,1.10051281771203,3.079472264600562,0.037521205204498434,6.170675432747161
0.5520147308720263,0.21153695166776026,0.006788019532046939,0.5444844745952812,0.1722,2.6490985563538336,5.030034650652557,0.005507486373361348,1.6880887059273588
0.2029117882281931,0.10426812453144323,0.0038907435911922964,0.9928251342174556,0.0223,2.803797493096314,1.4393831965536203,0.0039025933616284193,3.7343963034382943
0.11062543355148025,4730.860581451318,4.819510681040957,0.35453570337814655,0.8434905379512009,0.7738529735755273,4.1751132156328765,6.312872195132868,6.0073717582835515
0.14397633739229276,12159.997753827605,9.133032142409736,0.14976388927685258,0.6969984903557682,2.3713479995219453,2.1304858267327846,4.426107606812135,4.877289078073638
0.90874403091062,3239.55140235709,4.4849691149551845,0.32044341354620853,0.6234226187698266,1.2955481948211265,3.8523184046079924,0.856636858626661,0.3435944530386097
0.6969432763347676,1615.465140570902,2.711905040471153,0.42131433588788025,0.7064927521159889,2.62136390239053,4.257031496952264,2.9065598748286057,1.1382811001019144
0.19925907157359546,229.32638306624762,0.657345954034408,0.021944381081901443,0.2763,0.7664363779574637,1.5298532758640149,0.4240384065966082,3.776318630971823
0.8566745819246899,1438.3294704209472,2.586253903062887,0.6200526305165305,0.5205374290396996,3.1275546251265056,0.5828036471457475,2.4749897769162787,0.541315900456401
0.0043049560556498445,3931584.978653354,411.9589626082408,0.6516363687180745,0.4146895326924777,1.2091514299486184,0.9061932125111436,554.084358800291,inf
0.14184806191216304,78828650.84417133,3173.30983665105,0.6759948395750119,0.817388799128949,1.9515655596309225,6.161613080671534,1598.3326715734586,4.926823776235101
0.03944723331608624,210133.51496509602,59.12684083438855,0.5132147773920493,0.2116244198405037,1.85291395587988,0.2734210432086339,49.034218989375844,inf
0.09608105060194672,5.2782520305789,0.05161722048069376,0.9418404515693005,0.3562,1.5168914616544484,1.9774141326105428,0.060706052078667666,inf
0.01229304893683325,5594749915.249991,52256.8041612026,0.7375965502019207,0.37847095913367207,0.7112217622890974,4.191493695749077,49504.397198120634,inf
0.6387414022727727,2132.735340451297,3.225881635793696,0.25791121219813107,0.07237986284810262,2.4588766053611852,2.7775572620374533,2.63292091581264,1.3564529759989359
0.5275834371072585,121.39522995713057,0.46629028896249197,0.028561154659704213,0.0621,0.3064900190952421,1.0238928019569387,0.4741815706072513,1.7788920488449573
0.1291392887425601,9.431620617458163,0.07676448917456706,0.6070757061629742,0.29710000000000003,2.083960565592401,2.3753306041313835,0.09396509060900177,5.366750796623202
0.06995441528809376,2889.7645449048346,3.4267601391824973,0.4035387736849554,0.7131671390025622,0.17355851774661815,0.9894084269174311,2.2462811104640865,inf
0.09205547763479072,3062.868310865214,3.586637013771268,0.449053919243659,0.3846771408219437,2.2127111139376554,1.8460350233971317,1.5035572018727787,inf
0.8002567786622546,29.824617385869022,0.1932035259740187,0.8300517880346465,0.2296,1.4836191270571109,0.971818262516321,0.23640580179591417,0.7552430224179316
0.67659205221218,3.7756449150733853,0.04756894716791507,0.2962204616539401,0.3105,1.780227717905793,0.0713130947885128,0.04619245875296515,1.2126609669578574
0.9756803606026907,1251551.5616651673,240.65323330938782,0.11416359273582621,0.8821780712285348,1.7104817725562003,3.4686183420724412,442.6962365279149,0.09173333214169332
0.3020171803000593,18.93642961025787,0.1281124330971864,0.6752819131453072,0.43970000000000004,1.1552482463505969,1.4096465375369,0.09220407473192131,2.859618763689366
0.2567633859731028,16898028.278512258,1173.5335337290235,0.7232938822595041,0.6474403039707676,0.8269517917488729,0.3547174005871109,668.5697103188825,3.202792909919981
0.15283370162162568,3928757.983378407,431.1344381938576,0.44997163725571987,0.014746498384975524,1.1168312945890828,3.578731292830192,423.7331687264755,4.603056379165712
0.3699944274274203,3708344.9346403587,439.4201740424072,0.9799977034495677,0.8382408434337502,1.963513141701555,1.0487872976541126,805.4239124860411,2.457989765434153
0.8963075775290198,166766106.6099052,6192.914665560919,0.2648193620624093,0.6361069626190512,1.9225396430763098,5.921082506747289,2079.4710948924235,0.38824479548683666
0.7643175097962149,106469672.9324069,4482.5984560013885,0.45641940635094724,0.34006061524089676,2.883667498659365,3.0140547370483257,2794.3428304189783,0.8853767570497348
0.49878554019707244,16107430.33842888,1205.362423654083,0.6052060947365667,0.4148588833821819,2.7312808193246614,4.172973442745783,1184.6742606471437,1.8965645396482218
0.5905354825951856,3467.7978855379206,4.4164225104488475,0.4195555086661581,0.7487560543114269,2.8938231990984273,6.086498879089805,3.0016125271394865,1.5402983973187503
0.7629121470148321,1978079046.3800375,31435.92863948484,0.5180603373141686,0.895120671068131,1.4714440209252442,0.6339624801911439,28413.3049640807,0.8915513376712765
0.09984251538439048,83085.54846770657,32.45743064632098,0.6348779552768853,0.7633955858622441,2.976348593161082,5.67504392205036,33.398610491563744,6.489999999999999
0.39794515894102556,60555576438.78738,284743.0389088927,0.1255887259500349,0.7523318801464429,2.9850126457508863,1.5353958662943175,107820.79793136117,2.318447644673136
0.6877946156629186,21.88879657961494,0.15385375432605874,0.39915966087850174,0.10550000000000001,1.4139654944325986,2.974236888857386,0.16517969124721815,1.169230684508718
0.14344538467645784,1.1136536435327606,0.01855348707217044,0.22493072304306372,0.2063,1.8803326865893668,0.8898391534522911,0.007204419389658407,4.877289078073638
0.4194996997849326,66314671.50294521,3040.687760070037,0.7822202100369164,0.9650210960855774,3.0605290907633123,1.3715169351073802,3365.7698667819413,2.219493829373903
0.9777940635576312,12.244111848578704,0.11011982797174152,0.3943551662276875,0.1635,2.3014589414205715,0.32833335215134657,0.08013562776046045,0.0793894803534636
0.5692203866558939,7456366.370259273,732.4305473699125,0.5854400483273722,0.14805417090907838,0.19664900063939628,2.399695091642329,390.7000193668569,1.6171899202024598
0.32137415742946385,33011556.951272972,1864.8314462620294,0.31524602445775407,0.10181455596255795,2.6522177376335074,0.3195688891112554,714.8023046506532,2.730323143123252
0.1972168944005389,12164.666493277211,9.274946060254516,0.3862607662056776,0.356779180786337,1.8844347901979746,1.3891704367429687,3.9508798209542153,3.8197354680276066
0.663200367768803,435.63200736629227,1.1243849420710592,0.775691007640757,0.2844,0.6402293556740585,6.236707799922486,0.6603701163682619,1.262472744704537
0.15726409781964323,451.9836516005911,1.0211266720136298,0.38535972461607415,0.6206,0.20153615125603538,1.3733889768590535,0.9339950588845819,4.520611227122534
0.12476787450090887,43048.92743451792,21.095160499082887,0.5453041603658149,0.8821208065917062,2.8789043137444783,6.073617717102318,17.154064741690537,5.509999999999999
0.10233376100787517,20349.73460662631,12.715414203537929,0.9483458084275153,0.587248384186829,0.628286528653986,4.462826801283466,6.784158449469792,6.36006808381994
0.21519393656049812,8770818.029243011,749.4837841613041,0.5317542436578357,0.22376151202411848,1.0477340680177263,3.935085531698121,860.3268358345271,3.5982448181534687
0.8255679228514121,73.14417370327092,0.352998451238146,0.5674315045491282,0.3841,2.8404434962709657,0.291596081416481,0.3225208273906831,0.66146755924881
0.09685833331772031,51751.237236442576,23.651080172217817,0.1297379541768049,0.9160218352721299,1.9747165050000437,2.001457962912146,30.63877073818668,inf
0.5297110880135799,1618.017899486517,2.6224808679508866,0.2810146399306501,0.5416410869831966,0.3081696448536054,5.649726788231626,2.3388870026081965,1.7723851100526131
0.05220400894151589,3749010.587441671,405.3511453320558,0.5288388399886752,0.43519229374755647,1.7792591987467865,3.5049634822834728,162.2001939362693,inf
0.018883381870820726,108083.04843316996,37.70510827826837,0.04490093850762156,0.8305106106240815,1.0643622100404002,5.0790460600069816,26.28310867203314,inf
0.17787594232932114,10836.58139069546,8.54046842024063,0.7553513320483783,0.3490061083311071,1.0144273384351585,4.638708471912117,5.651252926907597,4.089166834016427
0.003353805622792305,316974.2744091306,76.85775372980184,0.43995079238192725,0.5128538863203262,2.2317829473996156,1.3400539058131742,91.28979666981057,inf
0.38710284821052643,5398993.342327488,566.8024579903671,0.331659238790329,0.4064445018733852,0.010671555321612647,1.061112140683652,466.12933618941025,2.3743772781493364
0.035268141748275306,1042535.8748106677,171.76391538703754,0.9126027489257011,0.491086461425797,1.5279760271546907,2.8592019339017822,117.68534822437363,inf
0.044459662076964834,608.5445031055882,1.2032219951985015,0.8539815847301206,0.11950000000000001,1.500916268264308,1.9196187593983902,0.9872771666124717,inf
0.13920624128410508,593.0322560927037,1.2174187093948166,0.6265481277490844,0.1092,1.8515735553141512,3.418518450777907,0.8212515601964895,4.977412572297758
0.16276900825115714,27379.50913810966,15.774970785791437,0.5031177411391762,0.8240070552624723,0.6487609090775904,4.025209282769304,7.663826716839991,4.369109695913642
0.015146932917354583,13.773745427757826,0.0953669688840599,0.322439903461179,0.372,1.3753070957430498,5.686911604686501,0.02831153627659,inf
0.6044117349809516,22.761870399302964,0.15527357416503187,0.03732472692063238,0.3592,2.6689578305514927,0.6520399892280225,0.00748092873763417,1.4829422301141877
0.14884803733495644,262.05721797877976,0.7082804515685978,0.6003290442326477,0.1605,1.0363088785898762,1.7250435551080567,0.575570271136093,4.735163938776542
0.023094585493087405,46418.177651545535,21.49236935365751,0.6988505916455967,0.4209349568861462,1.381604494134168,1.4231104692019223,24.994536802767954,inf
0.00847322820439822,549713.9754796943,111.13041918305177,0.2537525020248892,0.46157370901007755,1.6139240425684227,2.3729244013401605,22.461536719902245,inf
0.27042127668569516,73.22644411955127,0.3130508294918581,0.1427931038824647,0.3194,1.00791810285059,2.5145099636498993,0.19386031595585843,3.0930518949750363
0.2082324020492088,1060.4314126616002,1.8290497765001124,0.05658385922576514,0.7712076092377484,0.22617691404312343,4.6299320634537775,1.1464793866556815,3.674134320309615
0.23539957820734714,44.708439410878626,0.22321110589940507,0.6852272756846008,0.1295,2.7682416820286004,5.690982937202376,0.20871593353614545,3.3951879240714105
0.5520624892219668,110.37672424103982,0.43995512122337765,0.403222458201952,0.1696,1.0250481961116402,4.293619453984234,0.2641849809213431,1.6880887059273588
0.8212708597350814,120.25791051102837,0.4913461882649257,0.7730389669107757,0.4405,0.01332590782252882,5.773446148188686,0.5432147122914996,0.6740227959202327
0.0036627755940549234,508894.46335671947,105.39048394767913,0.4794586746789594,0.8601041614386519,2.4922843020009378,4.576064084875918,93.63356508617844,inf
0.605549775338495,111084770.9171501,4468.5290231645085,0.584463152335362,0.6165022272640563,1.3825979529520505,1.0311203231530324,3544.6454974483227,1.4829422301141877
0.9723697536576684,7593512.47926397,800.1011497423989,0.029578400721805176,0.0501538244837723,2.8588030218478924,0.6630805175130665,736.3063598522334,0.10410848709542186
0.9386816946152257,74762404.4905833,3654.3599233794407,0.871659532338218,0.10890786500222568,0.09372495699009328,3.9517879561223435,3563.7547573790007,0.22931877275245416
0.24116847311432243,65.74041695042591,0.28908053989399346,0.8600847702820053,0.3803,1.537184643785978,5.600638713938705,0.32542844136262405,3.333771040281838
0.13750464568765264,55.865743142834226,0.2519233497411234,0.6098944808597992,0.653,1.2280321445937545,0.9840829608489943,0.2625862629152419,5.0290400294835935
0.7036612482923331,11.645046093196086,0.10133096970842473,0.8710451306736529,0.0044,2.850201379531281,5.306264603105033,0.08892548201103441,1.1135566941888992
0.43935066090235164,143.60545606247288,0.511316499087512,0.42332894876053195,0.4912,1.9991440923717398,5.286091035319317,0.5855816654468219,2.1328842355451334
0.9813285016642675,43904826734.47094,258135.25136110344,0.07649798875827973,0.1749342149170926,2.231756722905799,5.884270806306071,74711.77102967637,0.06707812690337978
0.8611598192314767,55407935.88634229,2952.3160412483016,0.6463758937656482,0.09485749503036228,0.2376421706437948,0.47220284260643897,1731.4143329711474,0.5222272714296734
0.15320164528237357,0.37074136841170635,0.008937226391648099,0.570939329752928,0.0529,0.28459178344398933,4.962784353182974,0.008188825104792354,4.603056379165712
0.34073105336408793,6401375.645769719,627.7929111161392,0.1106624308435975,0.21328095196517682,2.970398650716404,1.406035389066934,549.3916516014059,2.6212262758216314
0.761356948846855,15.278722083777545,0.12279879985645847,0.45018446563932846,0.09480000000000001,2.5915127897054537,0.7034211300923612,0.09703241486886474,0.8977245304717973
0.871698312451652,2.963943860312652,0.0419931939438131,0.4295224257995419,0.10600000000000001,1.4515213123440116,5.459386897289649,0.020838507085156804,0.48399105132823284
0.465362365220123,841081947.8471119,16713.248152904693,0.46295418650983733,0.3972204402155458,2.454349172402648,1.8087613889247314,9364.39680427145,2.02942582295121
0.3011181204859176,658263028.7904226,13642.444428331519,0.7706415947253671,0.24648985704630688,3.1018236445399423,5.230353574241365,12785.045039966417,2.859618763689366
0.5882610584053873,185.31622339646628,0.6262819557498321,0.9928343346782266,0.2888,2.587680062144168,1.1390073114384862,0.7471930842564779,1.54668788400516
0.5939342409474687,46903.69123995332,25.088909837010178,0.32371130200851284,0.892662559750318,2.254498230371481,2.619963439976408,3.2960564436269384,1.5275293538555434
0.8976579878870041,46757865.92208116,2653.56304896102,0.20752029196427535,0.6632889381449258,0.3507747849892638,6.027010159283897,1491.3098764616739,0.381862567508243
0.5990780299592812,2277824201.9323816,33431.587276028855,0.9693505221287536,0.6016733357497762,1.7464094481555483,3.4101521017276384,53263.38673920169,1.5084006511960455
0.14625142004398528,1134.9245905931798,1.880434781027766,0.8394772137841645,0.36533518450771263,1.3202700132801914,0.34663436030680317,1.5706626269518635,4.781443722566341
0.03132970844002447,21744831.944132224,1299.8408725522754,0.12401759340835794,0.2518155419040222,2.79761569748364,2.0376830684857423,1074.0134510319444,inf
0.03462292003405154,88496843.64884529,3316.9036919811324,0.09947693715298622,0.1760511494676941,1.4586026190356185,3.060023115974879,3877.4792625025893,inf
0.23429878944353255,219.49409271589536,0.6445782314029131,0.4638122382883615,0.5929,2.9494497259566623,5.4716910814818345,0.48950709423464434,3.3951879240714105
0.04309659334489102,192.81286730266262,0.5589665596440251,0.5333707725458201,0.2513,1.8478226752497908,5.826942888286278,0.39384870324337556,inf
0.7470705007433118,0.43613455448352706,0.011438544968902859,0.8524290894196205,0.050300000000000004,1.465939470474162,1.0595552833290116,0.01030735929700334,0.9532345051829187
0.9339098719404767,9031523.500854516,892.2907622461512,0.6261479447114634,0.6180339110112066,0.393920664126356,2.46870560832973,776.7581059854415,0.24828612043001375
0.3313715941182471,11018.900085209792,8.995919657625986,0.2882834921141537,0.4499501319108288,3.0466044288689975,3.1629018733855796,3.8371961725361747,2.6698468558314445
0.48924410444840716,466885823.76182675,11349.656838085573,0.42144218874847117,0.4269941480969118,0.6001800530603771,0.5669872899123812,5649.660673010314,1.9294553839327184
0.053067597269051636,14.349942983840839,0.0992138972058446,0.2210492746203584,0.007200000000000001,2.7650949353845165,0.4779678203792466,0.07442799635691173,inf
0.9647132978533584,557.3536278902693,1.4007928798745026,0.33230001713102875,0.2089,0.47237366483928417,0.8904196401864926,0.7319389294250765,0.12894792580877645
0.9148893197317053,28419935296.10028,190978.11011937517,0.3777899469494925,0.025003343579360786,2.1087519319543633,1.7124550522272637,94372.10210528118,0.3181173833337656
0.2102953627230264,121.84282409512646,0.4325311633417924,0.9160798338122249,0.2022,1.1051846365384597,1.2549809127697846,0.4418827540045343,3.6547047592326534
0.4817706701722797,111.56744114483956,0.43632050391880484,0.06821670681611214,0.3987,1.7708535570772137,0.016741840081773866,0.20516101201388603,1.9625136216470018
0.22977933410003581,999498355.0304806,17686.86096308439,0.11265196411368639,0.7213797000249857,0.9893063306286556,2.2032746458559656,26766.00324356448,3.4430259755112216
0.09807707039290847,3271098176.9188366,37542.82676306706,0.221055329302149,0.09032356212929396,1.816654446475327,2.7050440303775525,33562.766443296445,inf
0.17679040218644915,8.203557322766128,0.07091773009534061,0.7379282653845307,0.0238,3.057791603357567,3.0930368695618777,0.055109835349800254,4.1167993799403595
0.027587990464626677,450859908.9178928,9798.382637429915,0.9155202528487476,0.4396171943676133,2.141380946116842,2.362929369545724,12693.221250345618,inf
0.648331353144144,7017.216712281972,7.150093840240846,0.10644135605732041,0.2927112712664478,0.40761679736082396,4.948289269218658,1.131752469524384,1.3187690900210223
0.2272652845605,1833.240300248203,2.6483744508780607,0.7439802694681562,0.7339184272634209,2.941736516393667,1.3340837834681023,3.1329747272031234,3.4758974895599346
0.021952781837434876,3729918.8697094093,400.0646478779344,0.36321646494566784,0.7599904368689185,2.9515907509288826,2.136725322633391,345.5825764926603,inf
0.5909487669087083,9456.358427402081,8.620947307691981,0.4757177827818452,0.2839969125057142,1.6479666633745615,4.622765675677853,3.6787708596289876,1.5339122197630708
0.6702690267357009,48024955.52045007,2588.7717810031572,0.16101876044201735,0.28873873825978075,1.9499329498569853,2.0123320252767742,875.662357633601,1.2375408410287587
0.7042079580532922,4475594167.659605,53570.82134026428,0.4958304428399811,0.3938552511946771,0.289589411450404,3.835595097596583,35846.90321735739,1.1073797986693172
0.952837657773921,2650902.992983624,395.37109291976805,0.9366829412280658,0.14077131941421975,2.7740183968389784,3.0671648396237092,430.441915500842,0.17267797414647745
0.7394335673290867,46864259.838965856,2581.5711534501374,0.9234128674817168,0.4273360377472995,1.5653914329566712,0.7455854233160323,1632.0636683369055,0.9778875003828844
0.1343333139204258,167.73623288580652,0.5238236811720569,0.0299358129519407,0.4207,1.685589104631992,1.3253794440437026,0.019340953140931292,5.135349180112727
0.90675662174569,2.671748635958928,0.039429002891757894,0.889264177746248,0.194,2.971845063533853,3.714374164348992,0.04100719590430446,0.34996871877660407
0.7261639024098252,82.4781733193355,0.37535338941011526,0.31376376122734384,0.0269,0.3397715008057242,0.7244466358252893,0.3054256072601181,1.0271879475495584
0.375481112724667,449151341.95005363,10771.271859088964,0.2721869791685342,0.3230995190323297,2.093383493290069,1.7107253409190446,3819.8202660474444,2.4324185857301055
0.7872214624308062,20080475.34878797,1480.570501651869,0.18624478460010352,0.9793384007230957,1.1491330673197724,1.350571344332515,1433.40024775751,0.8049431620391907
0.30585678397675264,23434794.78505579,1478.176393220845,0.39087625729979136,0.5444663525310666,1.7932600877343707,3.618311716993586,2198.937788921109,2.826136716912374
0.3423243792909898,470.8859156829888,1.1025964816130351,0.5772005672530097,0.3604,0.5430525293071051,3.802860591571153,0.6993371105748951,2.611683147361769
0.3842431024550631,1926.3000828069632,2.849314538574818,0.8336146798138134,0.43476498917271295,0.44617116140586505,1.8009374561062397,3.373356198267265,2.38253491061897
0.4604915689273942,68.41620941618932,0.3134194900007996,0.412595943221969,0.1489,1.7623960340439446,3.8441782956904937,0.2829496139655772,2.0497750617373267
0.7936981850887233,13544516.836126525,1140.1074326792434,0.9480583800960053,0.6912109860644434,1.42140880286808,5.692957327235698,1620.2210695503823,0.7801161437007114
0.251533206777279,18.030404281748233,0.12236900009530097,0.08939222948624181,0.3509,2.134559186175576,4.2622837057086755,0.051337780079656024,3.2455580979770025
0.2399506677173563,16239002.812640565,1137.70067593083,0.9009881487075924,0.11263101122466175,2.684957338807566,0.20261714892139543,968.7907497504918,3.348898445609465
0.1325546515821211,549.9764110381038,1.1554985556347015,0.2797136290153335,0.4003,2.493362072974818,2.6860757233240733,0.4287764767623847,5.189999999999999
0.44591133257669746,21802820.156343143,1457.3906467964669,0.6785408125129515,0.0895259826389865,1.4700175005843443,3.711773275974835,1586.722361972649,2.1048423404980356
0.7917174807870704,5.839845083900607,0.06504456852732808,0.739177476713798,0.3532,3.122657719368681,5.823674017637644,0.04108946992788996,0.7863270129901094
0.10720089632967889,807227499.6396881,14811.296787472807,0.6232758922692061,0.7682143275204565,2.527431535978547,3.0681641364299206,19945.721720583566,6.103829011044735
0.611524145316428,3239717.813618074,423.90711310372063,0.3342010712110387,0.4208293897350262,2.1070112949980233,1.9670932016096916,559.1743413113311,1.4575371176322607
0.5964849650078183,154177798583.79425,554953.3537942738,0.7196371465333115,0.15749071754104413,0.19738105595006813,3.8839857907339654,474809.6725098566,1.514773567054613
0.06508150536483348,58715.89538830157,25.47720113149036,0.6707844122152662,0.5020384843156865,3.0150940569427593,1.7230090495569215,25.273867444317204,inf
0.07347837838564453,157215.10346856367,49.254689641299926,0.6037213621061579,0.7636158259661364,2.1204729093331265,4.320699034943573,17.85324996663959,inf
0.9970411771756775,121537970.75224605,5102.589562348681,0.39478137063832097,0.5055554178896186,1.440952544321522,1.0978355493195178,3088.274064651862,0.012111248879192793
0.978549889280803,3374328.5200400683,466.4025176394435,0.024401248545774634,0.08732053660695771,1.1804326318708422,4.412082295475316,418.2717789056595,0.0793894803534636
0.7218652542672315,74.74031688143286,0.3512017353640484,0.13025029948603162,0.5962000000000001,2.712459540833581,5.7249072922334205,0.2871368114194976,1.04568055547686
0.03647317796111771,20.71684174140483,0.1260633074814004,0.8818616990913973,0.1271,0.37421932137661934,4.166918416204005,0.1230804298182892,inf
0.1771060892971409,66463737.130410664,2860.983475430973,0.9024826284079357,0.3038438638836108,0.3512212154727205,1.0082589011673246,2347.4968051814267,4.1167993799403595
0.21180157357577967,27693880.91618606,1611.585532997421,0.4574258882348432,0.06733343298741398,3.134901721140419,2.957427407302988,1196.4667161905134,3.6355868722165043
0.7429489221337218,54.93608817681443,0.2872017070005448,0.48026628251184866,0.2425,0.7101077290086473,4.244558462487534,0.23623910885394633,0.9655617869409525
0.5878420250664123,1161.5655306635465,2.1288834403742753,0.9194100133056075,0.0332891498863345,1.6164361236042244,5.087833237133015,1.952739982218667,1.54668788400516
0.4876913022701904,60184648.71518591,2895.2211128564927,0.4977056630812051,0.4598218953977144,2.7044351175646457,4.443454300966767,3266.0198621464638,1.9360512916365007
0.19048474732183185,186270619.68552607,5708.532710037154,0.06949636807352078,0.8353390696818683,2.480462694674232,0.48094565458371247,775.0265983518926,3.9113830884112817
0.11012510643757534,7003.530847559471,6.259250239700216,0.8038410817859848,0.3134967135721154,1.2820982024262304,4.429754791958336,4.786221570101042,6.0073717582835515
0.5062578288853888,437.63230342739985,1.0911714539721074,0.1062915077143537,0.1421,1.036008314437595,5.058773006722024,0.5702496293307174,1.863773991555247
0.2674378993569524,96.50414243683949,0.37600461566659954,0.11667845725740833,0.037500000000000006,2.4357209000081235,4.467308095586281,0.3848999162360552,3.1198815233867387
0.8024850816873531,8770814.67601829,854.7468163962714,0.7023812499199125,0.8812343816340885,2.633336505774878,0.2255159298396136,1125.1967394913088,0.7490169161734421
0.7271429284058869,204279517.4762913,6872.471554841695,0.7749599212828971,0.14558090545670754,1.7758794911630045,5.5473503491374485,5014.224157722569,1.0271879475495584
0.6863885024761072,990.7163799733233,1.9534655152606375,0.029528438735109686,0.5087,0.6313326839872594,3.3945799826845793,1.538664648459499,1.1754273081104811
0.765886545199044,435.2304662687787,1.1463593230721414,0.15603555891102194,0.0308,0.0595018672434457,4.047814372584394,0.3487930990350369,0.8792007056286684
0.6322338304183511,3787328271.952016,47242.883881991824,0.43923401712016785,0.8540445911593073,0.9911117794812233,3.0506362190908254,76734.9045154177,1.3816432429335919
0.6986240664747071,13796725.108095888,1133.452716551642,0.7506558230916247,0.9165341667484377,1.2607259754161964,0.6686863087319177,786.5649699030644,1.1320973090914572
0.6074218574248427,4669126304.72772,54040.66448239287,0.16438790191286745,0.2721838001961006,0.01697667700252014,5.097329831090611,51548.32587153878,1.4765859480189194
0.1375110918235295,191.39045879684514,0.5725134731715499,0.6607804210177541,0.2832,0.6911326477607833,3.2307933135219824,0.4653298565269614,5.0290400294835935
0.38711241446140654,5317.212359968587,5.61065458322896,0.4993144294861037,0.3636140946281923,1.070714111845587,5.541390809129907,3.644600276362757,2.3743772781493364
0.3742826312335952,60.21204022296601,0.2820554898403261,0.33470299471686094,0.4925,1.7489169782051512,4.109569450832105,0.3817352426590923,2.4324185857301055
0.8187210920183938,174244818.1858972,6288.526924470107,0.5758914782124217,0.9363256929839351,0.8035987161762905,0.1950909721409741,1903.7609436751081,0.6865608643175953
0.3611782880499598,210.56294526476105,0.6477587347799219,0.17880258191298448,0.4294,0.07678190221331271,2.663501126129701,0.5544880237552282,2.501595552188822
0.5943341211407516,109409406.51097462,4413.161941388848,0.8606524864477257,0.06480842808201838,1.9300337597546668,1.3980644817496992,3909.9716239754216,1.5211498021135847
0.7423808689594406,442119242.6854407,11532.610347653126,0.30446990269128815,0.20437230973767298,3.0784702640380788,3.5020802172771894,5586.795915948493,0.9717247982121817
0.09636699392063808,272.94505562956044,0.7165103162544366,0.661977601303809,0.3427,1.6738253155215428,2.6793775555402926,0.4845356381921233,inf
0.08565936701585775,374.9069553165556,0.8824711213945222,0.7807428138587512,0.151,0.5131768262508754,3.33071238051475,0.805295326189478,inf
0.3534762926040611,435501469.91092676,10495.350425003491,0.5447465931349272,0.8067565502406763,0.22547734770555938,0.9252719171149062,9289.973619324526,2.546498882880422
0.04467616590342971,2360729.8639199412,297.0834102995251,0.028496273216767287,0.6944844741930859,2.6230254409378193,4.76562503165704,338.9612746128438,inf
0.28466280916852627,17895.07182517726,12.282091360537098,0.1065181916782163,0.5183883439333833,2.5351890511894486,3.1632589356358847,4.55878966867668,2.9776157648665764
0.023032725222096873,883891.0956334546,153.25547217175247,0.7461022653461699,0.008426126910300799,0.017758234705627093,2.0074122298561,117.54305903436851,inf
0.14146161097856613,1835.1467527181019,2.586949468191604,0.06693294978506881,0.3994024612279882,0.42396697767223557,4.668255437080714,0.4507437541897344,4.926823776235101
0.523224541288528,298941908.8169004,8495.054199448776,0.43148701676066725,0.07220904618675922,0.9134198843632659,4.761272333907465,5269.328631121161,1.7984321510699015
0.42403589515699636,22214042.823206376,1468.1790561864054,0.32168633026540117,0.2365061043502255,1.470788255980332,5.3752108876508,746.5828159023589,2.2047727589927746
0.8648769359895523,362.62729691252656,1.033659174185118,0.05594782152923272,0.19039999999999999,1.4295248861277774,3.0581132300176903,0.4656707086357896,0.5094896038702066
0.33228367936200387,1077.8314830048753,1.9102334912344106,0.10243310889956214,0.8002886989328962,0.901723575568737,3.9134333822499334,1.9510975512961886,2.6698468558314445
0.4112634513364396,12272.618042459499,9.855556513685114,0.626597280007702,0.7419925957893043,2.076887258388667,1.7148160461234427,3.2719955325497243,2.256855466834905
0.9732103991138731,20.834793159819565,0.1568330432948071,0.9458285964004731,0.1908,2.0364391540552393,1.8791448965513313,0.12650280365718491,0.09791707142116035
0.07346750293307425,54128116.49111288,2419.5348752173036,0.9516458223466981,0.5159102916038915,2.4456866329120817,4.552884637156238,3290.7902956671037,inf
0.12130554037981922,115460.38811332548,40.6802525565841,0.19040026948626654,0.07810528949016808,0.6500815709861263,5.29118555715779,16.284861568016236,5.674977318893716
0.4847815006109433,8148736.293179195,762.9006779034942,0.9832882714386351,0.2772288223947335,0.3363780810708205,3.285391906922158,783.1053923645725,1.949265542620335
0.33110376199216507,1714360871.767707,26021.10748881773,0.5817495582802562,0.7833424607471089,3.003471826250915,4.568628543918907,26949.30419113686,2.6698468558314445
0.8116428410694237,638.4067732003591,1.4925979033455765,0.8200218324717256,0.5354,0.436549075622753,3.4634722306757038,1.8939478523016786,0.7115881516021334
0.3760901369136186,352414451.8477798,9164.421938701727,0.3096117047811535,0.46117036064414896,1.680042049678962,5.496920423870761,3319.224065384539,2.4239900520065145
0.07120832118476705,3590541305.8996835,39620.343810779435,0.8457685597236411,0.888601932153117,2.3127050998037526,2.7605880523035378,68543.93637379256,inf
0.21542767456967782,252.4337444971255,0.7039280788884575,0.6882686595857498,0.6104,1.1175522380247962,3.4016095122335797,0.7157926135725382,3.5982448181534687
0.4139140833230116,133.90347931528723,0.4851274962363201,0.10318827724945856,0.2174,2.9515759051148924,5.030893941753338,0.3811696139909075,2.2493169096627925
0.08260204801081983,20580608.8816445,1273.450505484452,0.32225563833078674,0.9228378284659042,0.49690852538465624,5.249028971963862,970.4293913585345,inf
0.7113997223459865,596821124.5100378,14002.328192861072,0.19528502256590918,0.08872332841874438,0.36622481354670083,2.8503749219730614,9303.468160218556,1.0826865510706885
0.8957356493377543,170982453.17754877,6296.230189634232,0.2071958331017505,0.07991643212419089,2.4183374047038204,4.062054213918169,6604.133981621296,0.3946278276174944
0.47597605394731923,1313.3936692564114,2.2549834497096315,0.9066949072728403,0.3533248704079216,2.7483703608871606,1.8529761582087514,2.40708547442019,1.9824594418628436
0.8293040676098583,2.9464794514507204,0.041509855380774854,0.6627338473463326,0.1739,0.24166767640251252,2.3706216400548152,0.02290445566065849,0.6426010616040658
0.8772966629778471,1744.501670863049,2.952198385365192,0.6870136436924682,0.21126394148953262,1.540447093384492,5.587909424005252,2.2595343391642224,0.4648515276688965
0.6809157342195589,583.4638598004444,1.3710235995871745,0.06110886136626881,0.2118,1.2241988812530908,2.290866350360826,0.9185021951046974,1.1940320859695692
0.003242507257512739,13204.14717636312,9.235544850904645,0.8072367663042276,0.809495402390798,0.2905470143101277,0.8926864367500021,4.014340818964311,inf
0.03944064169558448,190905.78986551907,55.462521111359976,0.6956194490464068,0.7275386115651257,2.365865687098441,4.853272679139294,45.7935739479734,inf
0.3865997362570518,178.15036752632616,0.5830357188448264,0.05190686092738761,0.4031,2.9504732796049935,3.948617719533108,0.5586050137696278,2.3743772781493364
0.04302991402709111,150.45140479029826,0.4737509152335062,0.1830407300965089,0.4847,1.2043899701430691,1.1762713717515774,0.2822634385150476,inf
0.813184697568289,43.97028215964335,0.2508652417952442,0.026024784435991544,0.11870000000000001,2.3948287618542285,3.872337373485951,0.22852408094740448,0.705337228523522
0.29317292859538646,4770.566618695228,5.098618145725094,0.10661815291155563,0.6073982058094568,0.8330827081023868,5.996670554184344,0.6186498496255792,2.917331464823559
0.9242255168873348,1421166584.6792178,25963.841983413884,0.4282500260363138,0.2869578379326204,2.6577551510773043,3.225820404454155,20844.929519135887,0.2799781921418374
0.0005004601664344577,17395930.45064852,1108.8969318400227,0.20833074183327693,0.37455787034968324,0.4414548473544507,4.346931465683621,521.7470515569993,inf
0.06358304246127255,8408960.34552676,697.0634534910646,0.49663148820649583,0.7255627132922176,1.4490740724013105,3.948256852142909,1103.95026705672,inf
0.34254059495970735,411752680.9293836,10082.937496315943,0.14805639020003902,0.812767184228904,2.169035242051473,0.25107019924082274,1556.9343141418892,2.602198965753457
0.05523081719627587,24561904.62914961,1420.618583897886,0.7590441193576333,0.7084096370361527,1.4977131059952744,1.3059492620748632,1062.0274715563944,inf
0.2891278608400818,364968882.02480626,9178.876618387605,0.6082662479358393,0.3802370989330963,2.1193658739015175,5.572638713693836,5287.05341994807,2.953179792430661
0.2105238120463342,32721839538.08078,180054.18846756427,0.8468102635850334,0.9650823523880456,3.041660590832628,2.043519033453431,276039.3298188285,3.6547047592326534
0.9149730159569762,31.939479332874836,0.20643963544156635,0.5089994815656941,0.445,0.37248304364582896,5.321178564977575,0.12752803278376862,0.3181173833337656
0.17646258423353423,76.3401299299853,0.3137243866279249,0.8726467775236971,0.5001,0.376805268508178,1.4711408416407283,0.364270932341997,4.1167993799403595
0.8098510942540678,1.181255967181699,0.022488678423879537,0.9474072514127534,0.0199,0.7093155139891475,3.299258017261785,0.02111632246149654,0.7178352804832269
0.3061959732660571,294387924.0162072,7988.5829670927005,0.8340846722402563,0.43068249457633584,2.534044154449892,5.425666544042857,6999.326264438456,2.826136716912374
0.6826642519728716,1996.1817856896796,3.114006568163592,0.1156879780708372,0.058011077434462884,2.7500308675113794,2.031397268234689,2.454773403074136,1.1878279258624076
0.1636260363620975,410790631253.2525,959853.9122374732,0.6956947208061552,0.31142285708374345,1.3359608156954845,0.3791083854513137,567987.7000758437,4.369109695913642
0.8610831330278524,180.21598084135044,0.6480936507576557,0.6456247749790338,0.3474,2.0529324317264677,5.304064156856943,0.4422286010211581,0.5222272714296734
0.34795908670820463,69227194.77834593,3075.6036553007348,0.4335699465339774,0.5282900935522996,0.7546307673130525,1.0919944248203273,2636.5807548886496,2.5740942311260806
0.9079065199215574,16.494718111256027,0.13271986722362908,0.09807185924555906,0.0028,1.8678563747090475,5.699779955844142,0.13033850972304925,0.3435944530386097
0.7571519361179374,6540574780.085813,69694.85056291049,0.854994932271023,0.1387850537304576,0.20616182096809543,4.212682186548559,68454.61354085375,0.91623661173222
0.8354061600755026,1.3138948435557987,0.02425519532412129,0.29839819418028524,0.041600000000000005,0.7411222073312461,0.5733577011676994,0.01628951240347169,0.6236922400393734
0.05456410841313075,176.36875784151388,0.528638848570411,0.495256535733294,0.3426,0.6151625624806186,4.826698206100041,0.46806786389931365,inf
0.6485280065151896,0.7547219897168475,0.016171256099108754,0.9987116428095534,0.0675,0.7930116188475929,3.7180954242492947,0.0171854834845485,1.3187690900210223
0.3017054131741741,5274751.858857439,546.3772006088711,0.729941868683713,0.2662726085328548,0.8583277974403111,1.1112090570148576,447.9847173884037,2.859618763689366
0.9341245599451816,21.57283533239538,0.1594483176674055,0.8275465698334533,0.3896,2.188183639456546,2.70878317025772,0.1332407227079651,0.24828612043001375
0.5864991322685441,4367.3275445635945,5.146090647231382,0.7890866346006253,0.5668865568835557,0.3663091454174354,4.258610632784796,1.807474064008713,1.5530806773048846
0.2755311976628072,4213.147271459763,4.6718450595249035,0.8822028296984009,0.047904520713727625,2.003352345691451,1.9470875112498898,4.448239818331479,3.053594018563035
0.9097496209732612,22106130.919609386,1613.8169719298173,0.45313363918752725,0.4240588222742093,0.0983084134578379,5.977462576341045,1419.9859455767419,0.3372220372287451
0.07713540398921437,4024.649758578128,4.283141980615273,0.9970727997458099,0.5506598501797161,0.7463304901694352,4.487133100342135,3.7712947133181696,inf
0.5559484632078123,830.1903029356538,1.6903260427854219,0.6464044645791739,0.3547,2.1839263345705593,4.8649490266967055,1.8664971973574969,1.6687135177201187
0.04679762940312493,600.3141605508955,1.1932376401912546,0.7153632679645672,0.06670000000000001,2.3022598028143864,1.5234801033805065,1.096231614224436,inf
0.7974551699024112,18.53936210148887,0.1406488513179548,0.8579087779609553,0.375,2.767112103085993,5.883715260582125,0.12270056446915205,0.7676856778413592
0.5613784534831194,313.8523649272021,0.8847895271670888,0.09352443601024263,0.07600000000000001,2.2825372550067873,5.672069690330985,0.8050678500960707,1.6493676585542154
0.024805324448472277,18753665.16163794,1175.2354197718387,0.15486192933730036,0.8644114709098473,0.026326565552879582,5.326156876524779,462.0020791359701,inf
0.28416936529347114,41.563564999133064,0.21537879268884094,0.29135063416594653,0.2206,2.5832184726136562,4.627584692248286,0.1851795212233313,2.9776157648665764
0.6330200445250236,19940639203.109337,143002.4675531515,0.8645796317429228,0.12188976828949745,2.0609243190438216,2.614765775089259,145526.87982439852,1.3753406118071068
0.9313516575682645,1120047813.5023243,22180.183582388603,0.21182546281347248,0.38996842212749544,1.5085773338646973,4.7027077213187365,16324.08057125105,0.25461695060500666
0.9333488331143627,10.746568328712689,0.10018520371336398,0.3462683236447974,0.4275,2.2327134220513933,1.7806663644371894,0.05078598280716825,0.24828612043001375
0.03027370300217136,367953.55735247006,85.64457359782173,0.1308427389533331,0.16925723806578402,1.7575882554586486,2.728939057274645,42.048486888777155,inf
0.18472056150612182,19417546.208442245,1262.3753802461752,0.699671008123263,0.8266908781957107,1.8773603020860459,4.292195774941014,2251.212681022759,3.984656261615826
0.922182205275022,16445655.880187906,1327.8610306928501,0.4096482467296024,0.03619055135501225,0.9819728640224035,4.723640891383957,726.7677874453141,0.29267947386023785
0.00326076186645774,1803758.487698209,244.96865064091338,0.15829134770332376,0.5858814723513598,0.7090125112748032,2.2802108019383427,65.98866125856232,inf
0.6553727429974632,1016.1595024707683,1.9745137586520287,0.7453878155825084,0.554592458845134,0.9105931974355052,2.9015405793855633,1.8483931854171125,1.2937144106108134
0.5848007039743314,87.75702211334952,0.380218384992244,0.7591204625128374,0.5572,0.6265403904346089,0.05111781426385865,0.3131831910708771,1.5594767747005056
0.32677199088690867,27096485.538401343,1637.0466341402634,0.625508937780303,0.6367067537027779,1.331436111474422,2.9074934113885034,2552.1920650041825,2.6997757928572943
0.70766676479794,9540.195699347216,8.878907677097676,0.7534368659807882,0.665647730266447,1.5514253252176538,3.6849942694668,2.9632357825984106,1.0950304739310646
0.08870566427972237,1129001.4433264136,184.19880204542363,0.8287226677199775,0.2246623429886841,1.6838535295069024,3.6271655233445736,211.39635756488568,inf
0.23124009707590276,56.14640324703362,0.2595269839142476,0.020329349907508898,0.1159,0.8558473029942011,1.4415583100398512,0.07431813605472783,3.426892999521102
0.11127777869019995,1677444888.5132759,24148.677942902897,0.058554300862782016,0.5930279217085386,2.818954951996369,5.440298434772354,21827.521969408783,5.97037524041509
0.8935632397597518,2.4319720293828655,0.03694757711769872,0.06485837058561883,0.2144,3.006535937069344,2.5402749053858225,0.0070999018248088155,0.4010115145036357
0.2980505896753106,1084.9602342543465,1.902071022584614,0.36693132988765165,0.5024796130804254,2.694798514181773,3.2526451609294793,1.7996463414663195,2.882408912823629
0.06315363362478077,1135.2795750604525,1.8342317278037628,0.39733415941649375,0.9094892066988143,1.6067575157438092,2.764569435244397,1.9477559423420454,inf
0.25588361799683046,15390651.621070776,1102.4056898881709,0.9829759986222592,0.2240135461769148,1.5198601745863367,1.4496909340085655,886.9888877535556,3.202792909919981
0.6685045134024151,221.28554205251265,0.7165801895419714,0.7104492667414677,0.3605,0.11772617237023224,0.47269598950382585,0.33194709849197085,1.2437687495376455
0.19638179378321574,8056241.360219387,704.5284796563186,0.005443785632248788,0.6436490677012316,1.6488673873597146,3.5664653226778236,818.53857363537,3.8197354680276066
0.36267306336009963,8.646790640746651,0.07712955553608276,0.8151899163530439,0.07210000000000001,1.3277880058754266,5.4691936196168545,0.06754317303293968,2.4927729396876224
0.04444629731171401,1210559.153151524,190.31500230670864,0.35990276449984104,0.7169400708522414,1.29829912724647,3.3721116729254903,315.47540278542675,inf
0.8297817179461671,3036911857.911132,42358.59326798969,0.5891843803994815,0.2985386528290017,1.8034743453552502,4.3566891561092715,45663.224164431136,0.6426010616040658
0.7487531397269741,876.2604597034623,1.8218751895068181,0.7966091235629458,0.601,2.5262925108917664,3.6398701455888833,1.5808354180495643,0.9470700687391131
0.04195746006819856,10633390.36916692,809.5645398882923,0.40602696256871895,0.83279937078032,2.3147969645556006,0.3218732473188853,991.5866109306854,inf
0.8708320405756643,228.99893373739482,0.7616478415663595,0.8106300444491344,0.4048,1.6194418411669151,2.7047720397428487,1.040731917930822,0.4903682181501541
0.5895587988534343,5890140.7948072525,628.5834741927044,0.8499935010438849,0.9215725429218483,0.8255891928260556,2.9242493876585858,385.92139536554333,1.5402983973187503
0.47247209291934833,0.7404053641651388,0.015376200651517439,0.11521122389953808,0.1379,2.7708124399211265,1.616561879320917,0.012131359858180903,2.0025077942778333
0.7876989959108539,24035041.659839056,1669.2255644430709,0.0014075331472377384,0.32516551983435105,2.9693453412561444,4.751379380343677,1359.1682289767257,0.7987404391808495
0.9113412171327314,365.7765812142745,1.0481987766472411,0.6430058834608018,0.5146000000000001,1.857334039880113,5.409889216457359,1.551493356045896,0.33085162074359786
0.6049152753585247,25.372474643853682,0.16694736321076126,0.9841018425567175,0.2871,3.086374573249442,1.4168310084175384,0.1929603958339763,1.4829422301141877
0.6233922549075733,422340140.5633042,10925.375501507844,0.9130454745354593,0.5043672622079329,2.9951167826284815,0.35780987342338627,6320.314232585735,1.4132069292104328
0.6503474011333019,169138409.41734064,5968.615399921095,0.636264873239717,0.13942554092141707,2.5451344299042007,4.105972723569525,6398.752251403049,1.3125003180143766
0.34553920672976635,302.25379129251684,0.8211079673494741,0.21300456847314175,0.6167,1.4193743640705037,5.363221463141255,1.1487121221450205,2.5927731439055215
0.1652939756092675,5684.932406061238,5.535400046860981,0.3803642126184491,0.5417721112652024,1.1578350488779614,2.85586572022105,5.50997604146052,4.3340042023965415
0.2722546116753296,14115939.787729202,1045.1649856199924,0.7707811053801523,0.10795452823744418,0.4878170231087047,4.192321857548389,965.4958259358641,3.0797933200266643
0.004189628113768995,270757.25352956774,69.21161017760754,0.2275356453137516,0.22374812913869838,1.6171281041749825,5.662304739970706,14.88652931188837,inf
0.2150376799137902,2924.0649714240312,3.6033648409608263,0.09776442454857448,0.24656707438283232,2.6185093043710586,5.810015969559579,2.6097601480671866,3.5982448181534687
0.11727428208231516,100.3815220649489,0.37012017672602293,0.618737426433238,0.42560000000000003,2.8631955772398685,1.9945066257918675,0.35610652959225325,5.8599999999999985
0.09331109385118785,1527970.3553511112,225.68958246832355,0.5554694338454202,0.7124215271605507,0.727200928890122,5.751501282979436,312.95560140580454,inf
0.6562689994165551,11201333.98766794,978.1611985482862,0.9664275392584398,0.09931449634501414,2.817917863006651,2.1816434967516543,913.7994128040783,1.2874592527398105
0.09980761398733717,84844.30373537476,32.913520904067646,0.9340769020901656,0.6348815879425477,1.7216734187431195,5.005870475019251,34.34027841669502,6.489999999999999
0.09448902033518003,13560173.080490595,967.75985101693,0.6762439816115159,0.48262130811750464,0.9183660531688943,1.3228827531151193,380.2528688849408,inf
0.90529897778812,11814760.695376398,1062.0003022222022,0.8686294032326577,0.5567612149192084,0.5306690994436691,5.684559161083834,1271.4446344848047,0.35634468504615313
0.5080128166177524,763.8692873773767,1.582467086406487,0.4935506135883474,0.5766,1.7873602247742086,1.2811705588307047,1.0757263262046672,1.8572254413000842
0.5466730114696214,7902.012293424654,7.576668375455165,0.14912616679316282,0.6933189781277551,2.103459586807694,0.009142248054735805,2.564575709182055,1.7074931552056505
0.5264954761082357,780.8785657204195,1.612406292693539,0.8461546644506129,0.2848,2.73834167463243,2.571102452686328,1.763445927469328,1.7854022036235655
0.2959058700286752,763.067184022518,1.5034418880905684,0.5844326842504636,0.7937000000000001,2.6220687452667057,1.7065981078749735,1.5017078915178064,2.8939497454817653
0.1373382920776436,95.62318039163472,0.36046158301315917,0.4051148261631947,0.5853,0.11176275568297367,5.116767850803796,0.31594330866357234,5.081690711014587
0.961306315319089,4584457.805313854,570.4629428602891,0.7525333816679065,0.14971731992932463,0.2599916823423149,0.6435068364875118,489.89884567009193,0.14140981922310747
0.05694973243816859,107927.03245446252,38.13220426992733,0.6393206782439902,0.2633296869912239,1.3864862418173716,5.135963533774731,24.977644037092436,inf
0.24291745377799523,698.0516689712679,1.3972028126825615,0.3754004754009096,0.8883,1.90427795454868,3.97254289504405,2.0211774144545944,3.318779950188074
0.5857246580971678,2204.515993188605,3.261908228058607,0.1070850365357916,0.5641911489409931,2.3211620199286216,3.701352166949964,2.4211297838765073,1.5594767747005056
0.0845522259621716,46.36580580178247,0.21897893559068213,0.8363523846261128,0.1683,0.6213566405973185,2.185347221541945,0.2402395722146897,inf
0.9236156154693698,8348154.813109105,845.1881576624556,0.665020889482301,0.48694845861554487,2.4832595250982945,0.9661612436559167,734.3410030995141,0.2863272357523572
0.6558181104365683,145.25398648561873,0.5398542924822484,0.2694458373572134,0.2517,2.483740199679798,2.7245997658212673,0.5341942154849785,1.2937144106108134
0.3662193464305138,54.16958688317977,0.26233977101295686,0.3853715381876175,0.03560000000000001,2.975034302167625,5.639194707310398,0.2504035542140436,2.4752810715929687
0.3280622076069708,118.95932030356585,0.4390615753391953,0.697159306215957,0.5612,0.5730444006909229,3.499902567696962,0.455284176977996,2.6897330446913843
0.23373116469554878,15100.08029618149,10.82048329145958,0.10860620700481749,0.9603804468401386,3.05953125666013,5.874462998945128,2.1865753546514615,3.410949961410359
0.07996248228048375,7.231938397365699,0.0633616304275949,0.15928476245288714,0.2786,0.8858293275436022,2.7234435530215073,0.021261515630959054,inf
0.04776227800630961,6706.794709917868,5.965102410235873,0.30512973021972156,0.3172876186180333,1.4546177982677881,5.756151153291627,7.760903633223172,inf
0.7694306540953421,193335618.96800396,6678.404810320399,0.1170789888294359,0.8273686662541587,2.543084952437705,4.8663643441328395,7834.621848910053,0.8668438584739695
0.3502378730652017,103.82322404713027,0.403199586731046,0.019687832049341658,0.05090000000000001,1.2488356191214551,5.656114558464757,0.380674278926329,2.564839966012233
0.7139102550178447,2153.354112879668,3.2955403825243903,0.2747272201974349,0.4129800272484395,2.116334820397261,0.40297015548752946,1.6555089880757676,1.0765164078984588
0.1801750665631383,24857719.58140451,1486.4260590846484,0.13092255253876017,0.5090418991293781,0.1539043063615286,6.076903652480746,1167.7887924494514,4.062197493779082
0.6504144658238393,563.1094818662896,1.3308012797332087,0.0691212837542452,0.11240000000000001,1.3114800704441898,5.719650973458925,1.1778913951102157,1.3125003180143766
0.538775357230471,89.3606271679691,0.38107417857098524,0.030523783541126615,0.3138,2.163432561809513,1.0065175974214167,0.39671586804268166,1.7398987439944813
0.5478502754673141,820.753673171594,1.674577231921273,0.4543921228871667,0.1387,1.8922491871438791,1.1344570691409959,1.2955293308853806,1.7010217584118008
0.6125251294625128,0.4065892137056706,0.010628199757360596,0.40956224615299186,0.05700000000000001,1.1856739299330823,1.2745894931251713,0.010817305874845572,1.4511941878611516
0.6701897854062906,519.682682257484,1.2664880026235532,0.535780204378268,0.5774,2.9959669420427772,0.4618209641665376,1.0601468703214068,1.2375408410287587
0.0682017509718521,2691244.983219337,326.61808375104124,0.5820535682406124,0.06811079703251137,2.307889107198474,3.5120817153891655,340.3894302622874,inf
0.14134482622781452,271693885.23751193,7239.565640191233,0.02071795794824738,0.9807505405301065,1.0553038100275722,3.042201614681411,12512.485039979449,4.926823776235101
0.4004258118248675,586.3307141181446,1.2943014604684147,0.5085650204851332,0.7748,3.077472156838735,4.536017359603411,1.1933061374758662,2.3106183367697826
0.8817826234211479,2010494465.1900055,32477.210113418332,0.09299710120018245,0.7004864805782687,0.9193591983714267,4.1433054409436885,31719.85172550705,0.4457031065474011
0.4972065170761857,70.90349757155387,0.3236378579122299,0.27827443901594506,0.355,1.5602333107303827,5.444155725008759,0.35859717294360877,1.903132839577773
0.5723605339637801,223.46363975406697,0.707145745525828,0.393564995101233,0.5528000000000001,2.3808812263759678,5.2210146201205685,0.30087925785066233,1.6107641992275825
0.5048183771370034,12694766.156189982,1029.8282666856871,0.7196075100014152,0.7549105453779206,0.5411859335339275,0.06347799056385431,907.7997566565106,1.870325725070237
0.03629917205034894,18379.741707362493,11.638802414664388,0.22180225898421757,0.618186398545712,0.08670677124165484,5.529019468783044,9.950355464337841,inf
0.10572710344832248,92.67654956228002,0.3497165604392885,0.7724127547801917,0.3622,1.0293967676469176,1.919541961418076,0.4304835912736593,6.170675432747161
0.6726029959334916,8475199.669191787,814.8629246915268,0.3707335236713307,0.5026990060917262,0.14253677727982608,5.372279881140863,448.656712878482,1.2250947179573783
0.9758352725238428,1.4452683924673262,0.02648924359685432,0.8148020337824967,0.05890000000000001,0.8166506809254092,0.977720787849329,0.020722593007478682,0.08555741865360122
0.13131868359674304,1125.8926503147547,1.862287029118674,0.6605204783899268,0.4806225969224683,2.1003918311909042,3.401226168802849,0.8367472303606187,5.245886941306041
0.142230508182155,170.1205764679682,0.5300003114881907,0.5268232966259092,0.4965,3.091843195286816,4.909684953136375,0.5016017006962729,4.926823776235101
0.8222881641156319,5369846.801511551,618.5392419625271,0.9603710885414378,0.2666126551921268,0.26339497140212487,5.663508241128876,752.8357341056299,0.6740227959202327
0.4535533227214573,187769062.50336182,6134.0407555753145,0.8676682626670477,0.06021420719872816,1.9388321714198185,4.15692331553917,6202.35145181119,2.077151807173782
0.014267825919374366,446356.7247224295,96.90791439643908,0.9586865423710843,0.9177653032549884,1.0045170216275918,5.677428059241694,179.18824955528035,inf
0.6691663359284877,1797391.561214062,289.58894613833417,0.49164528750466385,0.6348773865281443,1.5562606593549357,5.768224310539363,467.8764818012734,1.2437687495376455
0.5174763522353201,208.43416690837367,0.6671245051469286,0.49554147720253316,0.245,0.13554000934677027,6.01670485764944,0.6543851908174021,1.824530527031337
0.941139115184489,3332551357.7299056,45961.101685979884,0.5815661688594375,0.243683605914662,0.6462930997610985,3.13159107683806,43685.20367174176,0.21669632063940458
0.8982535389523496,40271876.43019936,2402.368505016215,0.2259649138740717,0.14319893773586267,0.3971606388894103,0.3094240443992887,1063.580889957498,0.381862567508243
0.8773911939333117,6881397.227920172,737.037616023859,0.5957846027590125,0.06300678501823692,2.2958828848717943,0.6797356323931885,625.5276912262932,0.4648515276688965
0.3810895451922479,870.2251025224509,1.6762880908201174,0.4023039564996441,0.5702,2.5851028947212815,3.885514867584238,1.958755878765211,2.3989818100925966
0.48112112681076513,1490612.319368989,245.63691755730136,0.475362402231965,0.7050246253991798,1.2831202069549419,0.499971007388829,407.9858323721835,1.9625136216470018
0.5902503630267677,2010.1583815307777,3.0701693259082665,0.6672440411939351,0.39496208659972093,1.0393833988672092,3.9133625593080144,2.1203129700205903,1.5402983973187503
0.01957721632195697,19947143.96746458,1222.4961440554414,0.6010498983055201,0.8074321097808248,1.5522711983802238,1.5760265347180547,1128.4408821335353,inf
0.014889754134338018,4248423.703935433,435.3232011065923,0.5283987709340605,0.7018440010170495,2.9744542680738815,5.074797496841986,343.8743315181152,inf
0.24210600918945246,124848816.52381115,4434.3450449086995,0.035131148077823804,0.07305740670747332,1.7029897592718048,2.8493644983438906,4169.718313726542,3.333771040281838
0.0427248277698401,2891826.9010444726,339.9056703215236,0.9039211628451643,0.2972647763823177,1.3796878705169788,4.932445560609739,247.93897937673265,inf
0.10408552896995227,1362.1030848979296,2.097303103047394,0.8959209094193037,0.5768271806493683,0.04661034554920864,0.694208315979093,0.7978806508809455,6.254857509203945
0.11375676210534347,992.7324767848793,1.703486045673764,0.2252959273484716,0.649,2.8538171794741114,1.732662490888424,1.3526806596670147,5.935943003681579
0.3074920537262069,2883.6638817889484,3.658444074117836,0.9282973404451892,0.5712241666535763,2.7505074384684196,2.40440077407971,3.9681139528459037,2.826136716912374
0.02233586850983138,425.46123438039166,0.9410763059809755,0.8597514763872605,0.3016,0.31848761837451706,0.20667333084913894,0.9560289636812049,inf
0.33889694650654234,63472198.236456074,2896.1766817185917,0.03120305411625446,0.8210763130072716,1.7044015510123978,2.6577830388010253,4909.4475686277865,2.6308289382242114
0.3557430897813397,1411668511.353216,23000.357899977185,0.7615328132027176,0.17590645379961806,1.0676295483261715,1.5539540927197084,21170.434993107392,2.5374108906801114
0.48528693048572424,4046020.100801547,478.4197719413778,0.7640977545710375,0.03499214351344301,1.5433571088442393,3.5029826770903134,453.6074665647887,1.949265542620335
0.07938653073646684,47574.0023250921,22.24124531342364,0.6315718339842575,0.8359551964465437,1.9472696573297217,5.277411922795324,24.374083187175856,inf
0.1896817256372444,93417448.40294915,3602.598854230045,0.794107193646477,0.707270148992614,2.412108737696601,4.660290892897705,5106.508591992875,3.9113830884112817
0.9289924031580776,3.423291945832205,0.046693859670172505,0.44326248928806256,0.13949999999999999,1.599375445343918,0.4546290190435,0.04553214804744081,0.2672902859992101
0.39741824314286944,310004820226.87604,845683.9269533127,0.6287472048226401,0.8937612707053623,1.7104460014014837,5.90665828586617,536940.1797410649,2.326315938328169
0.8332893227733902,118.86796444025192,0.48862295140972584,0.9937301752428263,0.0626,0.06938975047890467,3.898201394457978,0.5077107390677136,0.6299999999999981
0.5718432272042663,54.52144226786409,0.2760799975284188,0.5820857980039432,0.8109000000000001,1.3752148034433993,2.9053490842602994,0.49380283626761273,1.6107641992275825
0.7016389825039491,5157642604.646867,58854.13047014098,0.6974095247484644,0.25921230059694217,0.4778208538024775,3.886168106934362,49856.108938282254,1.1197351891134506
0.47143624593021727,11572127.990863089,960.9695165149844,0.0878608512370248,0.1408396477142508,1.344502065906836,3.0943160259276157,635.1301776124274,2.0025077942778333
0.6446550308876557,1124.7707952475762,2.108245923884443,0.6212033650571059,0.47889147838185847,0.19356911031459106,4.45034730094919,1.4706333585090752,1.33131682323799
0.030186567283391197,57514521.944703974,2485.100440249853,0.8728374315482239,0.526510440623888,3.060592540507057,6.165429290078447,1488.5110636046309,inf
0.35371176360185397,10478070.72888021,874.7486090527232,0.1507171663806932,0.6518143337257901,0.2177763621976526,1.1971513219265602,435.8795024769087,2.546498882880422
0.001357562582885663,17845265.359030206,1128.2327705522034,0.038274394739820194,0.49262217804428104,0.9939931596208358,5.511604358412262,450.74022397132023,inf
0.3906341222354316,40013628.177549765,2156.402820127419,0.38332902518253786,0.9942953511542607,0.509175515761206,3.265209967553045,2550.485350956679,2.3581907122885655
0.30988929231624807,1023.1311560713183,1.8346478364272658,0.6402099003285464,0.862428558033411,0.43932558847410796,1.5659539418206863,2.496210499011455,2.80426421537575
0.08298657361673345,13385.549739524597,9.56060718498996,0.8336076545599318,0.6459041833043531,2.9385519695920914,4.619574073014309,8.688700251898284,inf
0.01346730113212058,5898062.979961013,541.4975465960865,0.609038403439852,0.13106650439845216,1.9810664310209165,3.166622218967445,470.77870813834113,inf
0.21317539687540132,92849474.01345804,3611.4461135446154,0.8682268705411942,0.17336478515544648,2.2408513415877156,3.498640436236672,4092.463656616625,3.61677033370787
0.07768713236188107,36069.3709025055,18.483189667160367,0.6677415730143668,0.11662615134209366,0.26800668034564695,3.6764932929485727,15.51610476593982,inf
0.30491937154496473,1754783.3705358382,262.5410444559389,0.7871301685827053,0.7124362082027439,2.1051026034705305,6.172739006339477,427.5707422278144,2.837205919006391
0.6931424215805275,707.5729994859546,1.562904017772352,0.2374587429381657,0.3439,1.3121976798887967,1.1694178515375417,1.01957739071405,1.1506545590582329
0.1072856668862594,1967.1664141205426,2.6822603878780336,0.777775133931181,0.0831762019615105,2.5893653180466587,2.3439966237572496,2.569051233443216,6.103829011044735
0.16924051952968333,66474308.79531597,2854.8994375156212,0.1825892540288837,0.17090109548838592,0.26447527092801365,2.804062359396899,2114.8797186269117,4.2352037723225555
0.7285899390222068,7417166925.357996,75377.7213717897,0.26556545778943497,0.10328151138829038,3.085740078788101,2.998362669450618,22635.467543453065,1.0210247309570697
0.3941846097372238,3701.3204431472614,4.414330658777774,0.005352466720527582,0.3920352393015648,1.5536362199376315,4.334349089035547,2.8269999481292265,2.3342238048260544
0.04833639695204739,1160.293088573983,1.8523896003155695,0.2831901770266555,0.40529140126405283,0.28228084744234805,3.230081412503378,0.7203161263844012,inf
0.06347299537027074,64454.58795805123,27.097653735925615,0.29150086007918374,0.5002551546875248,0.1748540141820108,4.863777598884359,13.223759236184037,inf
0.31448555184518423,121.52776884275463,0.4438360740931631,0.38781124918259424,0.2651,1.5887927370428414,4.464197088465682,0.2366440810901504,2.772094606168751
0.09270213927584237,26988.69925696281,15.304138107006281,0.610705192288786,0.38071939564924673,1.6426497172221657,2.950278029459818,20.02972020436165,inf
0.8901326686413592,369.29362104289515,1.0509908683052318,0.1428200662291068,0.394,0.039707860712044546,3.684239166277895,0.8526786973419536,0.41378025495605186
0.10811361674820286,119.2153304778342,0.41393912539045435,0.6013536796186459,0.2922,1.613898411200869,5.132079113661848,0.27728163178020465,6.050625400691817
0.18748145639234826,0.13897813213267013,0.00469202410857446,0.5610367459946682,0.07750000000000001,2.02083064210024,5.467389570143105,0.0038592475564178286,3.9597790805918427
0.23211640628474994,6478033.978075031,615.2236713750996,0.7455439505281825,0.827445068333305,1.767970910838879,5.568974738499884,1115.2199292556281,3.426892999521102
0.1261497749165339,742650505.331707,14089.924994223458,0.87136264081489,0.20766536550745535,1.7929304957025722,1.0824445092540864,11683.514065615484,5.434807325970181
0.02528242711375961,7980.517221900787,6.650008083053286,0.43221229498779956,0.14759778297878415,1.5349980346062624,1.2944959194237644,4.328095924673382,inf
0.09764800686911268,125881989.05248336,4278.751567360735,0.30828651742244106,0.7249255490232536,0.6621819100998255,5.33788663665734,1524.094846746722,inf
0.19798534277148117,810.0072857554209,1.524041386722235,0.3939900337400838,0.2851,0.03959973344816824,0.9648258279200362,1.1459282710211662,3.797835073032787
0.3182143838896393,1348849032.115339,22105.035717526916,0.23014012022827002,0.2550458226941335,0.6618169843738416,2.3302908019430872,24669.58639989953,2.7510543737944744
0.9890533571086119,60.31574751677941,0.31941570327812796,0.8757408788142705,0.4786,2.0552186272554684,1.37011919200176,0.2567269078894317,0.04255769570824253
0.7166891304958938,159.24459130440135,0.5809347050129366,0.9439737237884825,0.064,1.4000313388544157,1.4591990731234874,0.5643705161826051,1.064179343177405
0.6587744700316984,3582.238649939522,4.576699872994826,0.25663012892830717,0.2419513519262001,1.4388628314799194,0.25228152543647925,2.9204834478633,1.2812075046962637
0.10660070760004958,62048.263427172446,26.771356527698384,0.979536026969653,0.890363507313788,1.5169318058885777,2.6843877878178346,35.340991651664005,6.103829011044735
0.14943593635708963,3743.128549622131,4.1703425352345915,0.8437735473674052,0.2121976123863942,2.207113704288259,3.975469570277161,3.5359328345189356,4.69
0.5462950989687183,5.502620841571234,0.05952016979284918,0.4392903679157314,0.1851,1.8719545472558445,6.195845124060822,0.02553089048497398,1.7074931552056505
0.4800725737232816,3792.606296596635,4.576918235225339,0.1703188241120851,0.9711086373675898,0.3489630865976699,6.232006166855942,2.0033572017539076,1.9691518144043316
0.5584383755862175,0.18295757267571755,0.006170453923265468,0.26142164988515815,0.0251,2.638058773928314,3.789000167417684,0.006056211301317925,1.662261635859224
0.38562039447364205,3835875313.4425116,45114.005278216246,0.3613991277842309,0.3648902904489003,1.3804376796604274,3.0371040479469054,61029.35923969051,2.38253491061897
0.5042505624136119,607.1867618533797,1.3567772916929919,0.6719566330023441,0.2486,2.9799984377596282,2.048253479704962,1.236346502246959,1.870325725070237
0.3543315488771086,286.81052896057605,0.7946185536868389,0.965296480796607,0.03150000000000001,1.9824974928197279,3.528988516596505,0.8169694494553529,2.5374108906801114
0.7546623115699496,2213102.772849967,338.2614815378664,0.8555252308881524,0.6244902766956646,2.994151895605084,4.007804860522007,472.42459989171056,0.922405083033647
0.4243681620580537,2729.936208978711,3.6293545332216706,0.06122806874739073,0.1497186662487282,0.6406021769735656,2.1150359859420993,2.3160668938786024,2.1974577864239384
0.20247906056749465,29.88183661376765,0.1691028814434751,0.6939481726549641,0.1374,1.0739562044352988,2.1381558182698566,0.1848836228965777,3.7551758162914224
0.09135732837101485,854498380.6927872,15310.291571124286,0.9711982049484699,0.553638713565249,0.6374936368051513,5.685759507066111,11390.215058486689,inf
0.7213133545616742,1587.6792915671567,2.6934906689745346,0.48520574050794796,0.3025020143004224,0.9467581050288301,4.052443359532278,1.7964655151650162,1.04568055547686
0.7568263504526626,683251853.799579,15457.89906610592,0.7178881388117653,0.640132169141307,0.39698361485769995,2.483467020088519,20019.54301688079,0.91623661173222
0.7173377614560175,9341361041.109632,87716.03405289409,0.8113759675323544,0.5998904038118309,2.4299840304256963,0.5758720278503929,56940.99078616368,1.064179343177405
0.49971728789849434,106221676.31279539,4239.671512515674,0.3515590134557346,0.5597191800141013,1.1209922731998831,1.4145223136557858,4569.032955519268,1.8899999999999997
0.5384092477485687,3.9088784546241624,0.04730558099099527,0.1473456030081376,0.11280000000000001,0.7319799105894851,4.597478203256261,0.0480883896459351,1.7398987439944813
0.7639133078850522,12641685389.678038,108280.28081040634,0.4392306822219093,0.4718241217498115,0.5904527078747706,4.397530746406521,61866.87519089042,0.8915513376712765
